word,nr. of tokens,tokens,word score
lauren,2,la_##uren,-13.205862045288086
lauro,2,la_##uro,-18.705077648162842
lautner,3,la_##ut_##ner,-14.856588363647461
lava,1,lava,-12.549789428710938
lavatory,2,lava_##tory,-4.203038215637207
lavender,2,la_##vender,-2.596099853515625
lavishing,2,lavish_##ing,-12.216203689575195
lavishly,2,lavish_##ly,-13.544672012329102
law,1,law,-5.427931308746338
lawful,2,law_##ful,-3.226705551147461
lawmaking,2,law_##making,-11.248580932617188
lawman,2,law_##man,-8.640265464782715
lawmen,2,law_##men,-9.813852787017822
lawn,1,lawn,-14.270811080932617
lawns,2,lawn_##s,-14.868796348571777
lawrence,3,law_##ren_##ce,-8.320773124694824
laws,1,laws,-7.672094345092773
lawyer,1,lawyer,-8.788911819458008
lawyers,1,lawyers,-11.68043041229248
lax,2,la_##x,-4.515195846557617
laxative,3,la_##xa_##tive,-0.17725563049316406
laxness,3,la_##x_##ness,-4.796712875366211
lay,1,lay,-10.549732208251953
layer,1,layer,-12.421867370605469
layering,2,layer_##ing,-9.41732120513916
layers,1,layers,-14.032190322875977
layette,2,lay_##ette,-24.711320877075195
laying,1,laying,-14.454505920410156
layman,2,lay_##man,-7.249108791351318
layoffs,2,lay_##offs,-8.992305755615234
layout,1,layout,-14.210359573364258
lays,1,lays,-13.473901748657227
lazy,1,lazy,-11.28228759765625
lb,1,lb,-14.167352676391602
lbs,1,lbs,-15.261224746704102
le,1,le,-12.04399299621582
lead,1,lead,-9.71501350402832
leaded,2,lead_##ed,-12.644401550292969
leader,1,leader,-9.752063751220703
leaders,1,leaders,-12.048683166503906
leadership,1,leadership,-11.143476486206055
leading,1,leading,-12.502622604370117
leads,1,leads,-12.798343658447266
leaf,1,leaf,-10.837455749511719
leafiest,2,leaf_##iest,-17.088068962097168
leaflet,2,leaf_##let,-5.87916374206543
leaflets,2,leaf_##lets,-6.67577600479126
leafmold,3,leaf_##mo_##ld,-19.00885009765625
league,1,league,-12.217557907104492
leaguers,2,league_##rs,-13.227953910827637
leagues,1,leagues,-14.26502513885498
leaked,1,leaked,-13.923871994018555
leaks,2,leak_##s,-9.559607982635498
leaky,2,leak_##y,-6.226447582244873
leale,2,le_##ale,-15.284628868103027
leamington,4,le_##ami_##ng_##ton,-26.20271396636963
lean,1,lean,-12.56552505493164
leaned,1,leaned,-14.364073753356934
leaning,1,leaning,-14.403082847595215
leans,1,leans,-16.179950714111328
leap,1,leap,-12.37727165222168
leaped,1,leaped,-14.750038146972656
leapfrog,3,leap_##f_##rog,-1.0832109451293945
leaps,2,leap_##s,-10.606700897216797
leapt,1,leapt,-14.080387115478516
lear,2,le_##ar,-16.865678787231445
learn,1,learn,-10.644400596618652
learned,1,learned,-9.394906044006348
learners,2,learn_##ers,-8.409570217132568
learning,1,learning,-10.960440635681152
learns,1,learns,-11.947404861450195
lease,1,lease,-9.962756156921387
leased,1,leased,-12.61506175994873
leases,2,lease_##s,-13.457864761352539
least,1,least,-13.70829963684082
leather,1,leather,-11.65200138092041
leathers,2,leather_##s,-14.917650699615479
leave,1,leave,-10.478917121887207
leavened,2,leave_##ned,-12.353088855743408
leaves,1,leaves,-12.696810722351074
leaving,1,leaving,-10.681021690368652
leavitt,3,le_##avi_##tt,-28.33022117614746
lecky,2,le_##cky,-14.350348949432373
leclair,3,le_##c_##lair,-20.807291984558105
lecture,1,lecture,-14.974751472473145
lecturer,1,lecturer,-15.41883659362793
lectures,1,lectures,-15.708911895751953
lecturing,3,le_##ct_##uring,-0.2259693145751953
led,1,led,-10.714797973632812
ledford,2,led_##ford,-29.724629402160645
ledge,1,ledge,-11.465944290161133
ledger,2,ledge_##r,-7.071340084075928
ledgers,2,ledge_##rs,-8.329709529876709
ledoux,2,led_##oux,-19.852009773254395
lee,2,le_##e,-8.942381858825684
leered,2,le_##ered,-11.717749118804932
leesona,3,le_##eson_##a,-21.823206901550293
leet,2,le_##et,-11.131574630737305
leeway,3,le_##ew_##ay,-0.022130966186523438
left,1,left,-10.114888191223145
lefty,2,left_##y,-11.804824352264404
leg,1,leg,-11.003368377685547
legacies,3,leg_##ac_##ies,-1.828618049621582
legacy,1,legacy,-10.722799301147461
legal,1,legal,-6.455116271972656
legality,2,legal_##ity,-7.807783126831055
legalized,2,legal_##ized,-7.637912750244141
legation,2,leg_##ation,-13.693331718444824
legations,2,leg_##ations,-14.345465660095215
legend,1,legend,-8.805301666259766
legendary,1,legendary,-9.58626937866211
legends,1,legends,-11.003889083862305
legged,1,legged,-14.584920883178711
leggings,3,leg_##ging_##s,-2.3142948150634766
legion,2,leg_##ion,-4.433476448059082
legislate,3,leg_##is_##late,-2.6814146041870117
legislated,3,leg_##is_##lated,-0.9661827087402344
legislation,1,legislation,-11.904212951660156
legislative,1,legislative,-14.690401077270508
legislators,1,legislators,-16.419389724731445
legislature,1,legislature,-15.155019760131836
legitimacy,1,legitimacy,-11.45700454711914
legitimate,1,legitimate,-7.972859859466553
legs,1,legs,-12.548954963684082
legume,2,leg_##ume,-10.883459091186523
leguminous,2,leg_##uminous,-21.989109992980957
lehmann,2,le_##hmann,-10.778958320617676
leisure,1,leisure,-14.668069839477539
leisurely,2,leisure_##ly,-8.097238540649414
leland,2,le_##land,-20.139718055725098
lemma,2,le_##mma,-13.079898357391357
lemmas,3,le_##mma_##s,-12.078445434570312
lemon,1,lemon,-11.229060173034668
lemons,2,lemon_##s,-9.672545433044434
len,2,le_##n,-15.679781913757324
lena,2,le_##na,-16.279767990112305
lend,1,lend,-11.553227424621582
lending,1,lending,-14.677040100097656
lends,2,lend_##s,-13.692181587219238
length,1,length,-14.628085136413574
lengthen,2,length_##en,-12.514862060546875
lengthened,2,length_##ened,-8.967278480529785
lengthening,2,length_##ening,-9.376547813415527
lengths,1,lengths,-16.247791290283203
lengthwise,2,length_##wise,-11.555185317993164
lengthy,1,lengthy,-13.869924545288086
lenient,3,le_##nie_##nt,-0.026140213012695312
lens,1,lens,-16.20094108581543
lenses,1,lenses,-16.997634887695312
lent,1,lent,-12.754645347595215
lentils,2,lent_##ils,-8.9745454788208
leo,2,le_##o,-10.950292110443115
leon,2,le_##on,-9.906076908111572
leona,2,le_##ona,-11.618248462677002
leonard,3,le_##ona_##rd,-14.638960838317871
leprae,3,le_##pra_##e,-18.428557872772217
lerner,2,le_##rner,-12.14770221710205
leroy,2,le_##roy,-20.56188678741455
lescaut,3,les_##ca_##ut,-15.114485263824463
lesourd,3,les_##our_##d,-25.18201971054077
less,1,less,-10.471195220947266
lessen,2,less_##en,-13.397095203399658
lessened,2,less_##ened,-8.794558048248291
lessening,2,less_##ening,-10.003491401672363
lesser,1,lesser,-12.959912300109863
lessing,2,less_##ing,-16.870577812194824
lesson,1,lesson,-11.875703811645508
lessons,1,lessons,-13.027302742004395
lest,2,les_##t,-7.594254016876221
lester,2,les_##ter,-16.673551559448242
let,1,let,-8.323871612548828
letch,2,let_##ch,-16.32798671722412
lethal,1,lethal,-8.224053382873535
lethality,2,lethal_##ity,-10.874853610992432
lets,1,lets,-11.53317642211914
letter,1,letter,-10.154634475708008
lettered,2,letter_##ed,-14.400588035583496
letterman,2,letter_##man,-11.964100360870361
letters,1,letters,-11.889820098876953
letting,1,letting,-11.453118324279785
leukemia,3,le_##uke_##mia,-0.009229660034179688
level,1,level,-9.842680931091309
leveled,1,leveled,-14.262617111206055
leveling,2,level_##ing,-12.960897445678711
levelled,2,level_##led,-9.044204235076904
levels,1,levels,-13.263429641723633
lever,1,lever,-12.865595817565918
levers,2,lever_##s,-11.829668998718262
levies,2,le_##vies,-10.027116775512695
levitt,3,le_##vi_##tt,-11.173336029052734
levittown,4,le_##vi_##tto_##wn,-22.244160175323486
levity,2,le_##vity,-3.146383285522461
lew,2,le_##w,-9.564637184143066
lewis,3,le_##wi_##s,-10.1619291305542
lewisohn,4,le_##wi_##so_##hn,-21.078221797943115
lexicostatistics,6,le_##xi_##cos_##tat_##istic_##s,-2.4637279510498047
lexington,3,le_##xing_##ton,-20.74356985092163
leyte,2,le_##yte,-14.544797897338867
liabilities,3,l_##ia_##bilities,-1.1955289840698242
liability,1,liability,-11.14862060546875
liaison,1,liaison,-11.500940322875977
libel,2,l_##ibel,-4.317342758178711
liberal,1,liberal,-10.4542818069458
liberalism,2,liberal_##ism,-5.647701263427734
liberals,2,liberal_##s,-11.2518310546875
liberated,1,liberated,-10.979693412780762
liberation,1,liberation,-10.627859115600586
liberty,1,liberty,-10.15699291229248
libido,3,l_##ibi_##do,-0.0242462158203125
librarians,2,librarian_##s,-10.730740547180176
libraries,1,libraries,-16.70895004272461
library,1,library,-13.885066986083984
librettists,5,l_##ib_##ret_##tist_##s,-2.2343626022338867
libyan,3,l_##ib_##yan,-21.19940948486328
lice,2,l_##ice,-7.986367225646973
license,1,license,-11.285609245300293
licensed,1,licensed,-10.554713249206543
licenses,1,licenses,-14.77773380279541
lick,1,lick,-13.261157035827637
licked,1,licked,-13.164734840393066
lid,1,lid,-13.722664833068848
lids,2,lid_##s,-10.369832038879395
lie,1,lie,-7.327029228210449
liebler,2,lie_##bler,-20.100107192993164
lied,1,lied,-8.636063575744629
lieder,2,lied_##er,-13.872499942779541
lien,2,lie_##n,-9.672122955322266
lies,1,lies,-7.565485000610352
lieu,1,lieu,-14.743077278137207
lieutenant,1,lieutenant,-10.612016677856445
life,1,life,-7.117266654968262
lifeboat,2,life_##boat,-6.904443264007568
lifeboats,2,life_##boats,-8.775276184082031
lifeless,1,lifeless,-10.853132247924805
lifelike,2,life_##like,-7.757506370544434
lifelong,1,lifelong,-10.79676628112793
lifetime,1,lifetime,-10.412322998046875
lift,1,lift,-12.57710075378418
lifted,1,lifted,-12.113536834716797
lifters,2,lift_##ers,-14.418595790863037
lifting,1,lifting,-15.300561904907227
lifts,1,lifts,-16.075204849243164
ligands,3,l_##igan_##ds,-11.103204727172852
light,1,light,-7.979152679443359
lighted,2,light_##ed,-12.280888557434082
lightened,2,light_##ened,-8.493337631225586
lighter,1,lighter,-12.225356101989746
lighthearted,3,light_##heart_##ed,-1.8312005996704102
lighthouses,2,lighthouse_##s,-12.586676597595215
lighting,1,lighting,-16.284337997436523
lightly,1,lightly,-10.575716018676758
lightning,1,lightning,-11.607648849487305
lights,1,lights,-13.698055267333984
lightweight,1,lightweight,-11.614733695983887
like,1,like,-9.09841537475586
liked,1,liked,-11.332907676696777
likelihood,1,likelihood,-11.599634170532227
likely,1,likely,-9.134786605834961
likened,2,like_##ned,-16.981548309326172
likes,1,likes,-12.133695602416992
likewise,1,likewise,-12.23976993560791
liking,1,liking,-15.42560863494873
lilac,3,l_##ila_##c,-0.2494831085205078
lilacs,3,l_##ila_##cs,-5.126636505126953
lilian,2,l_##ilian,-16.390955448150635
lillian,3,l_##ill_##ian,-14.021687030792236
lilliputian,5,l_##ill_##ip_##uti_##an,-18.59238910675049
lilly,3,l_##ill_##y,-6.8713579177856445
limb,1,limb,-10.86837100982666
limbs,1,limbs,-14.615241050720215
lime,1,lime,-11.88958740234375
limelight,2,lime_##light,-5.200204372406006
limit,1,limit,-10.588391304016113
limitation,1,limitation,-14.593132019042969
limitations,1,limitations,-12.945047378540039
limited,1,limited,-9.39700698852539
limiting,1,limiting,-13.785079956054688
limitless,2,limit_##less,-4.909439563751221
limits,1,limits,-9.989645957946777
limousines,3,limo_##us_##ines,-5.179361343383789
limp,1,limp,-11.827794075012207
limped,2,limp_##ed,-14.652764320373535
limping,2,limp_##ing,-8.37169599533081
limply,2,limp_##ly,-17.81609582901001
lincoln,4,l_##in_##co_##ln,-21.98031997680664
linda,2,l_##inda,-9.849933624267578
lindemann,3,l_##ind_##emann,-16.94148826599121
lindemanns,4,l_##ind_##emann_##s,-21.071772575378418
line,1,line,-8.85606575012207
lineage,1,lineage,-11.834773063659668
lineages,2,lineage_##s,-14.295125007629395
linear,1,linear,-11.542564392089844
linearly,2,linear_##ly,-16.728182792663574
lined,1,lined,-13.85482120513916
linen,1,linen,-11.935934066772461
liner,1,liner,-11.889437675476074
lines,1,lines,-12.73387622833252
lineup,1,lineup,-14.645125389099121
linger,2,l_##inger,-4.513596534729004
lingering,1,lingering,-13.302340507507324
linguist,1,linguist,-15.312535285949707
linguistic,1,linguistic,-15.31641960144043
linguistically,2,linguistic_##ally,-10.197189331054688
linguistics,1,linguistics,-16.63970184326172
linguists,2,linguist_##s,-10.416215896606445
lining,1,lining,-14.766141891479492
link,1,link,-11.652460098266602
linked,1,linked,-12.251517295837402
linking,1,linking,-14.549592018127441
links,1,links,-13.889174461364746
lint,2,l_##int,-9.09179162979126
lion,1,lion,-9.83260726928711
lionel,2,lion_##el,-21.288713455200195
lioness,2,lion_##ess,-2.7229928970336914
lionesses,3,lion_##ess_##es,-4.430690765380859
lip,1,lip,-11.212723731994629
lipchitz,3,lip_##chi_##tz,-19.407055854797363
lipowa,2,lip_##owa,-27.82698631286621
lippi,2,lip_##pi,-19.749853134155273
lips,1,lips,-11.873628616333008
lipstick,1,lipstick,-14.121288299560547
lipton,2,lip_##ton,-25.326655387878418
liqueur,3,l_##ique_##ur,-1.8969249725341797
liquid,1,liquid,-9.558303833007812
liquidated,2,liquid_##ated,-9.841944217681885
liquidation,2,liquid_##ation,-8.372807025909424
liquids,2,liquid_##s,-13.487537860870361
liquor,1,liquor,-12.86417007446289
lisa,2,l_##isa,-9.865488052368164
lisbon,3,l_##is_##bon,-23.502062797546387
lise,2,l_##ise,-13.331751346588135
lisping,3,l_##is_##ping,-3.759993553161621
lissa,2,l_##issa,-10.472891807556152
list,1,list,-10.555883407592773
listed,1,listed,-12.011469841003418
listen,1,listen,-8.12939739227295
listened,1,listened,-10.906463623046875
listener,1,listener,-12.896862030029297
listeners,1,listeners,-13.153358459472656
listening,1,listening,-9.934162139892578
listens,2,listen_##s,-12.160430431365967
listing,1,listing,-14.048243522644043
listless,2,list_##less,-6.172668933868408
listlessly,2,list_##lessly,-12.569528579711914
liston,2,list_##on,-21.29628276824951
lists,1,lists,-14.183137893676758
lit,1,lit,-12.325976371765137
literal,1,literal,-11.770466804504395
literalism,2,literal_##ism,-11.80347728729248
literally,1,literally,-9.732731819152832
literary,1,literary,-12.690399169921875
literature,1,literature,-13.123003959655762
lithe,2,lit_##he,-5.1429243087768555
lithograph,4,lit_##hog_##rap_##h,-0.11822700500488281
litigation,1,litigation,-12.56534194946289
litle,2,lit_##le,-17.69151020050049
litorigin,3,lit_##ori_##gin,-28.57453680038452
litowski,2,lit_##owski,-21.383596420288086
litter,1,litter,-14.567794799804688
litterbug,3,litter_##bu_##g,-10.465011596679688
littered,1,littered,-14.759368896484375
littering,2,litter_##ing,-11.693875312805176
little,1,little,-7.124422073364258
littlepage,2,little_##page,-21.550851821899414
liturgical,1,liturgical,-15.745193481445312
livable,2,l_##ivable,-5.244720935821533
live,1,live,-8.603029251098633
lived,1,lived,-10.423248291015625
lively,1,lively,-12.563460350036621
liver,1,liver,-13.741960525512695
liverpool,2,liver_##pool,-14.954152584075928
livery,1,livery,-15.646400451660156
lives,1,lives,-10.673298835754395
livestock,1,livestock,-13.577228546142578
living,1,living,-9.321240425109863
livingston,2,living_##ston,-26.73823070526123
livres,3,l_##iv_##res,-10.540140151977539
lizzie,3,l_##iz_##zie,-11.276774406433105
lizzy,3,l_##iz_##zy,-9.310729503631592
lloyd,3,ll_##oy_##d,-18.02132558822632
lo,1,lo,-10.26881217956543
load,1,load,-13.838532447814941
loaded,1,loaded,-11.364596366882324
loading,1,loading,-16.56793212890625
loads,1,loads,-14.302855491638184
loaf,2,lo_##af,-8.293103218078613
loafed,3,lo_##af_##ed,-12.309428691864014
loan,1,loan,-11.693851470947266
loaned,1,loaned,-13.779565811157227
loans,1,loans,-14.069388389587402
loath,2,lo_##ath,-7.521092414855957
loathed,2,lo_##athed,-4.614989280700684
loathing,3,lo_##ath_##ing,-0.8512115478515625
loathsome,3,lo_##ath_##some,-1.1540727615356445
loaves,2,lo_##aves,-11.38056755065918
lobby,1,lobby,-13.968393325805664
lobe,1,lobe,-16.924144744873047
lobes,1,lobes,-17.705188751220703
loblolly,4,lo_##b_##lo_##lly,-2.301361083984375
lobscouse,4,lo_##bs_##co_##use,-15.326544761657715
lobster,3,lo_##bs_##ter,-0.07355117797851562
lobularity,3,lo_##bula_##rity,-24.399052619934082
lobules,3,lo_##bul_##es,-11.983936309814453
local,1,local,-8.346772193908691
locale,2,local_##e,-10.924267768859863
locales,2,local_##es,-11.852262496948242
localisms,2,local_##isms,-16.98198938369751
localities,1,localities,-16.092439651489258
locality,1,locality,-14.283515930175781
localize,2,local_##ize,-14.017948150634766
locally,1,locally,-13.093118667602539
locate,1,locate,-13.164604187011719
located,1,located,-11.452079772949219
locating,2,lo_##cating,-6.285297393798828
location,1,location,-12.716673851013184
locations,1,locations,-15.526054382324219
lock,1,lock,-11.641256332397461
locked,1,locked,-9.601264953613281
locker,1,locker,-14.819551467895508
lockheed,3,lock_##hee_##d,-16.05857753753662
locking,1,locking,-14.309385299682617
locks,1,locks,-13.739662170410156
lockup,2,lock_##up,-8.789820671081543
locomotives,1,locomotives,-17.019058227539062
locust,3,lo_##cus_##t,-0.16350555419921875
lodge,1,lodge,-14.52501106262207
lodged,1,lodged,-12.134323120117188
lodges,2,lodge_##s,-14.72206449508667
lodgment,3,lo_##d_##gment,-20.605905055999756
lodley,2,lo_##dley,-24.21078395843506
lodowick,3,lo_##do_##wick,-15.5362548828125
loeb,2,lo_##eb,-14.381003379821777
loen,2,lo_##en,-17.657798767089844
loesser,3,lo_##ess_##er,-16.853628635406494
lofty,2,loft_##y,-5.117659091949463
log,1,log,-12.535663604736328
logan,2,log_##an,-15.662674903869629
logged,2,log_##ged,-5.427146911621094
logger,2,log_##ger,-7.201953887939453
logging,1,logging,-14.92651653289795
logic,1,logic,-9.281942367553711
logical,1,logical,-9.279468536376953
logically,2,logical_##ly,-10.357190132141113
logistic,2,log_##istic,-8.29274845123291
logs,1,logs,-13.085832595825195
loin,2,lo_##in,-9.428699970245361
lois,2,lo_##is,-16.383243560791016
lola,2,lo_##la,-13.587663173675537
lolly,2,lo_##lly,-8.068805694580078
lolotte,3,lo_##lot_##te,-17.202695846557617
london,2,lo_##ndon,-13.91133165359497
lone,1,lone,-11.19870376586914
loneliest,2,lone_##liest,-9.299264430999756
loneliness,1,loneliness,-12.49842643737793
lonely,1,lonely,-12.491236686706543
long,1,long,-9.574825286865234
longed,1,longed,-14.268059730529785
longer,1,longer,-13.103705406188965
longevity,2,long_##evity,-4.518387317657471
longhorn,2,long_##horn,-10.44083309173584
longhorns,3,long_##horn_##s,-7.4343976974487305
longing,1,longing,-13.359893798828125
longings,2,longing_##s,-13.742788314819336
longish,2,long_##ish,-16.134024620056152
longitudinal,1,longitudinal,-16.207202911376953
longrun,2,long_##run,-22.265419960021973
longshoremen,3,long_##shore_##men,-2.7691287994384766
longstanding,2,long_##standing,-13.545600891113281
longsuffering,4,long_##su_##ffer_##ing,-8.857041358947754
longue,2,long_##ue,-15.384793758392334
look,1,look,-10.148733139038086
looked,1,looked,-12.450508117675781
looking,1,looking,-11.449128150939941
looks,1,looks,-12.433024406433105
lookup,2,look_##up,-14.643319129943848
loom,2,lo_##om,-8.203819751739502
loomed,1,loomed,-15.483306884765625
looming,1,looming,-14.482953071594238
loomis,3,lo_##omi_##s,-11.309063911437988
looms,2,lo_##oms,-9.36874771118164
loon,2,lo_##on,-7.083148002624512
loop,1,loop,-10.728148460388184
looped,2,loop_##ed,-11.602933883666992
loophole,2,loop_##hole,-3.113494873046875
loose,1,loose,-10.925347328186035
loosely,1,loosely,-12.74289321899414
loosen,2,loose_##n,-12.448176383972168
loosened,1,loosened,-13.717697143554688
looseness,2,loose_##ness,-14.972655296325684
loosens,2,loose_##ns,-15.484092712402344
loot,2,lo_##ot,-3.680600166320801
lope,2,lo_##pe,-9.229265213012695
lopsidedly,4,lo_##ps_##ided_##ly,-4.373426914215088
loquacious,3,lo_##qua_##cious,-0.1996164321899414
lord,1,lord,-7.505295753479004
lordly,2,lord_##ly,-9.387850284576416
lore,2,lo_##re,-5.351724624633789
lorenz,3,lo_##ren_##z,-12.412099361419678
lorlyn,3,lo_##rly_##n,-22.82817554473877
los,1,los,-13.498286247253418
lose,1,lose,-10.557658195495605
loser,1,loser,-11.030247688293457
losers,2,loser_##s,-5.246586799621582
loses,1,loses,-12.745131492614746
losing,1,losing,-11.138314247131348
loss,1,loss,-11.037027359008789
losses,1,losses,-14.054224014282227
lost,1,lost,-7.598298072814941
lot,1,lot,-10.370467185974121
lotion,2,lot_##ion,-7.974640369415283
lotions,2,lot_##ions,-10.81971025466919
lots,1,lots,-10.520292282104492
lotte,2,lot_##te,-12.244316101074219
lotus,2,lot_##us,-4.9572224617004395
lou,2,lo_##u,-10.823349475860596
loud,1,loud,-11.651495933532715
louder,1,louder,-12.733976364135742
loudest,2,loud_##est,-9.376753330230713
loudly,1,loudly,-11.546387672424316
loudspeaker,4,loud_##sp_##eak_##er,-0.20038986206054688
loudspeakers,4,loud_##sp_##eak_##ers,-1.9114151000976562
louis,3,lo_##ui_##s,-8.859654426574707
louise,2,lo_##uise,-22.36873435974121
louisiana,4,lo_##ui_##sian_##a,-16.553876876831055
louisville,3,lo_##ui_##sville,-23.194305419921875
lounge,1,lounge,-14.621848106384277
lounging,3,lo_##ung_##ing,-4.035405158996582
lousie,3,lo_##us_##ie,-16.021294593811035
lousiness,3,lo_##us_##iness,-5.838706970214844
lousy,3,lo_##us_##y,-0.07217216491699219
louvers,3,lo_##uve_##rs,-5.208234786987305
louvre,3,lo_##u_##vre,-2.0515966415405273
love,1,love,-6.2792158126831055
loved,1,loved,-8.619743347167969
lovelace,2,love_##lace,-12.343526840209961
lovelies,2,love_##lies,-9.920405387878418
loveliest,2,love_##liest,-9.434238910675049
loveliness,2,love_##liness,-7.263942718505859
lovely,1,lovely,-8.450216293334961
lover,1,lover,-10.042774200439453
lovers,1,lovers,-9.721747398376465
loves,1,loves,-10.421626091003418
loveways,2,love_##ways,-24.0897216796875
lovin,2,lo_##vin,-5.684398174285889
loving,1,loving,-8.799015045166016
low,1,low,-8.561269760131836
lowdown,2,low_##down,-6.990154266357422
lowell,2,low_##ell,-26.419894218444824
lower,1,lower,-12.464347839355469
lowered,1,lowered,-14.34936809539795
lowering,1,lowering,-16.352863311767578
lowers,2,lower_##s,-16.33756971359253
lowest,1,lowest,-13.93480110168457
lowliest,2,low_##liest,-10.222679615020752
lows,2,low_##s,-15.512409210205078
loyal,1,loyal,-6.72478723526001
loyalties,2,loyal_##ties,-5.128898620605469
loyalty,1,loyalty,-7.8149943351745605
lp,2,l_##p,-15.807706356048584
lubbock,4,l_##ub_##bo_##ck,-16.720569133758545
lubell,3,l_##ube_##ll,-18.166075706481934
lublin,3,l_##ub_##lin,-15.434067249298096
lubra,3,l_##ub_##ra,-10.598442554473877
lucia,3,l_##uc_##ia,-9.869013786315918
lucid,3,l_##uc_##id,-0.3195991516113281
lucien,3,l_##uc_##ien,-15.184394836425781
lucifer,3,l_##uc_##ifer,-5.639500617980957
lucille,3,l_##uc_##ille,-19.730406761169434
luck,1,luck,-9.017065048217773
lucky,1,lucky,-6.6464996337890625
lucrative,1,lucrative,-11.232887268066406
lucy,3,l_##uc_##y,-20.900826454162598
ludicrous,4,l_##udi_##c_##rous,-0.0004062652587890625
ludie,3,l_##udi_##e,-15.71966552734375
ludlow,3,l_##ud_##low,-17.31556272506714
ludwig,3,l_##ud_##wig,-10.62521743774414
lug,2,l_##ug,-5.794212341308594
luger,3,l_##uge_##r,-9.348526000976562
lugged,3,l_##ug_##ged,-4.909945487976074
luis,3,l_##ui_##s,-12.537625789642334
luke,2,l_##uke,-8.325745582580566
lukewarm,3,l_##uke_##warm,-0.0010318756103515625
lull,2,l_##ull,-4.832856178283691
lullaby,3,l_##ull_##aby,-0.7047939300537109
lulls,3,l_##ull_##s,-8.24618148803711
lullwater,3,l_##ull_##water,-21.391605377197266
lumbar,3,l_##umba_##r,-5.8354034423828125
lumber,1,lumber,-13.376462936401367
lumbered,2,lumber_##ed,-15.343929290771484
lumbering,2,lumber_##ing,-9.477445125579834
luminescence,4,l_##umi_##nes_##cence,-3.167325973510742
luminous,2,l_##uminous,-5.548653602600098
lummus,3,l_##um_##mus,-11.84688949584961
lump,1,lump,-12.076476097106934
lumpish,2,lump_##ish,-11.393302917480469
lumps,2,lump_##s,-10.995499610900879
lumpy,2,lump_##y,-8.903827667236328
lumumba,3,l_##um_##umba,-21.93950366973877
lunatic,3,l_##una_##tic,-0.7508487701416016
lunch,1,lunch,-12.812931060791016
luncheon,2,lunch_##eon,-8.38356351852417
lunchroom,2,lunch_##room,-11.572216033935547
lung,1,lung,-14.049710273742676
lunge,2,lung_##e,-7.406688213348389
lunged,1,lunged,-13.069740295410156
lungs,1,lungs,-11.993379592895508
luray,3,l_##ura_##y,-20.175577640533447
lurcat,3,l_##ur_##cat,-21.267287254333496
lurch,3,l_##ur_##ch,-1.391310691833496
lurched,1,lurched,-15.346826553344727
lurching,3,l_##ur_##ching,-2.9103126525878906
lure,1,lure,-14.148600578308105
lurid,3,l_##uri_##d,-0.43604564666748047
lurked,3,l_##ur_##ked,-4.197718620300293
lurking,1,lurking,-12.731513977050781
lurks,3,l_##ur_##ks,-4.838980674743652
lush,1,lush,-11.824125289916992
lust,1,lust,-9.972841262817383
luster,2,lust_##er,-7.168277263641357
lustful,2,lust_##ful,-8.347630023956299
lustily,2,lust_##ily,-14.52776288986206
lusts,2,lust_##s,-15.229668617248535
luxemburg,4,l_##uxe_##mb_##urg,-12.542586326599121
luxuries,3,l_##ux_##uries,-0.04645347595214844
luxurious,1,luxurious,-12.513772010803223
luxury,1,luxury,-11.362103462219238
lycidas,4,l_##y_##cid_##as,-8.092243194580078
lyford,3,l_##y_##ford,-19.581772804260254
lying,1,lying,-8.337554931640625
lymphoma,3,l_##ymph_##oma,-2.6222028732299805
lynn,2,l_##ynn,-15.908990383148193
lyrical,1,lyrical,-14.438360214233398
lyricist,1,lyricist,-15.208962440490723
lyricists,2,lyricist_##s,-10.64781379699707
lyrics,1,lyrics,-14.61085319519043
lyttleton,4,l_##yt_##tle_##ton,-16.714364528656006
m,1,m,-10.52063274383545
ma,1,ma,-10.013321876525879
macabre,3,mac_##ab_##re,-0.0059070587158203125
macbeth,2,mac_##beth,-14.929156303405762
machine,1,machine,-10.953493118286133
machinelike,2,machine_##like,-12.673246383666992
machinery,1,machinery,-15.178933143615723
machines,1,machines,-13.456302642822266
machinist,3,mac_##hin_##ist,-1.7647314071655273
mackey,2,mac_##key,-21.412647247314453
mackinac,3,mac_##kin_##ac,-25.267230987548828
mackinack,3,mac_##kin_##ack,-24.89069414138794
mackinaw,3,mac_##kin_##aw,-22.676316738128662
mackintosh,4,mac_##kin_##tos_##h,-11.935702323913574
macklin,3,mac_##k_##lin,-24.662765502929688
macneff,3,mac_##ne_##ff,-27.372655391693115
macon,2,mac_##on,-21.071796417236328
macphail,3,mac_##pha_##il,-16.56560230255127
macpherson,3,mac_##pher_##son,-9.491227149963379
macromolecules,5,mac_##rom_##ole_##cule_##s,-0.7238340377807617
macropathological,4,mac_##rop_##ath_##ological,-5.605497360229492
macropathology,4,mac_##rop_##ath_##ology,-4.664926528930664
macroscopically,4,mac_##ros_##copic_##ally,-4.485788822174072
macwhyte,4,mac_##w_##hy_##te,-39.920666217803955
mad,1,mad,-9.01855754852295
madame,2,mad_##ame,-4.090087890625
maddalena,3,mad_##dale_##na,-14.518218994140625
madden,2,mad_##den,-11.456396579742432
maddening,3,mad_##den_##ing,-0.047863006591796875
made,1,made,-7.346535682678223
madison,2,mad_##ison,-15.575387477874756
madly,2,mad_##ly,-12.487430572509766
madonna,3,mad_##on_##na,-2.468334197998047
madrigal,3,mad_##rig_##al,-1.63525390625
mae,2,ma_##e,-13.9322509765625
maestro,3,ma_##est_##ro,-0.15945911407470703
mag,2,ma_##g,-8.994275093078613
magazine,1,magazine,-13.510063171386719
magazines,1,magazines,-16.55744171142578
magdalene,4,ma_##g_##dale_##ne,-9.69778823852539
maggie,3,ma_##gg_##ie,-15.099996566772461
maggots,3,ma_##gg_##ots,-1.8958368301391602
magic,1,magic,-8.396906852722168
magical,1,magical,-8.941413879394531
magicians,2,magician_##s,-8.534782409667969
magistrates,2,magistrate_##s,-10.713330268859863
magnates,3,ma_##gnate_##s,-9.741708755493164
magnet,1,magnet,-13.908478736877441
magnetic,1,magnetic,-12.639216423034668
magnetically,2,magnetic_##ally,-12.238438129425049
magnetism,2,magnet_##ism,-6.313375949859619
magnetisms,2,magnet_##isms,-14.20592975616455
magnetized,2,magnet_##ized,-9.840900897979736
magnification,3,ma_##gni_##fication,-1.829024314880371
magnificence,4,ma_##gni_##fic_##ence,-1.7653732299804688
magnificent,1,magnificent,-9.422991752624512
magnificently,2,magnificent_##ly,-12.494080066680908
magnified,3,ma_##gni_##fied,-0.3223896026611328
magnitude,1,magnitude,-14.489212036132812
magnolia,2,ma_##gnolia,-6.459419250488281
magnum,3,ma_##gn_##um,-0.09059524536132812
magnums,3,ma_##gn_##ums,-7.595380783081055
magpie,3,ma_##g_##pie,-1.2568464279174805
maguire,3,ma_##gu_##ire,-7.853764533996582
maguires,3,ma_##gu_##ires,-11.777501106262207
mahayana,3,ma_##hay_##ana,-7.4647722244262695
mahayanist,4,ma_##hay_##ani_##st,-13.85400915145874
mahler,2,ma_##hler,-15.038883209228516
mahmoud,3,ma_##hm_##oud,-12.456233024597168
mahogany,2,ma_##hogany,-5.299500942230225
mahzeer,4,ma_##h_##zee_##r,-13.949418544769287
maid,1,maid,-12.349010467529297
maids,2,maid_##s,-9.627507209777832
maier,2,ma_##ier,-21.19566249847412
mail,1,mail,-11.176851272583008
mailboxes,3,mail_##box_##es,-3.6826982498168945
mailed,2,mail_##ed,-10.881141662597656
mailing,2,mail_##ing,-13.071645736694336
mails,2,mail_##s,-14.038709163665771
maimed,2,ma_##imed,-5.635763168334961
main,1,main,-11.160015106201172
maine,2,main_##e,-20.330159187316895
mainland,1,mainland,-14.942431449890137
mainly,1,mainly,-11.832927703857422
maintain,1,maintain,-10.053864479064941
maintained,1,maintained,-9.597517013549805
maintaining,1,maintaining,-11.93998908996582
maintains,1,maintains,-11.636335372924805
maintenance,1,maintenance,-12.344686508178711
majdanek,4,ma_##j_##dan_##ek,-18.499464988708496
majestic,3,ma_##je_##stic,-0.5001239776611328
majestically,4,ma_##je_##stic_##ally,-4.840389251708984
major,1,major,-9.550652503967285
majored,2,major_##ed,-20.096104621887207
majorities,2,major_##ities,-9.64748239517212
majority,1,majority,-11.272143363952637
majors,1,majors,-13.680929183959961
make,1,make,-8.622949600219727
maker,1,maker,-9.927226066589355
makers,1,makers,-12.125003814697266
makes,1,makes,-10.321749687194824
makeshift,1,makeshift,-13.636897087097168
making,1,making,-10.60205364227295
makings,2,making_##s,-17.63343906402588
mal,2,ma_##l,-8.351336002349854
malabar,3,ma_##la_##bar,-15.302831649780273
maladies,3,ma_##lad_##ies,-3.987137794494629
maladjustment,5,ma_##lad_##ju_##st_##ment,-0.10932254791259766
maladjustments,5,ma_##lad_##ju_##st_##ments,-4.742669105529785
malady,3,ma_##lad_##y,-2.2358598709106445
malaise,3,ma_##lai_##se,-0.13238525390625
malaria,1,malaria,-14.528964042663574
malay,2,ma_##lay,-13.311575889587402
malcolm,4,ma_##l_##co_##lm,-18.33069372177124
male,1,male,-9.668009757995605
maleness,2,male_##ness,-12.360766887664795
males,1,males,-13.022919654846191
malevolencies,4,male_##vo_##len_##cies,-15.278550148010254
malformations,4,ma_##lf_##orm_##ations,-5.164258003234863
malformed,4,ma_##lf_##orm_##ed,-0.1091451644897461
malicious,3,ma_##lic_##ious,-0.0042667388916015625
maliciously,3,ma_##lic_##iously,-6.181204795837402
malignancy,4,ma_##li_##gna_##ncy,-0.26425933837890625
maligned,3,ma_##li_##gned,-2.757587432861328
malingering,3,ma_##linger_##ing,-4.6043901443481445
mallory,2,mall_##ory,-18.882277488708496
malmros,3,ma_##lm_##ros,-36.52060651779175
malnourished,4,ma_##ln_##our_##ished,-0.010873794555664062
malnutrition,3,ma_##ln_##utrition,-0.006496429443359375
malocclusion,4,ma_##loc_##c_##lusion,-4.453393936157227
malone,2,ma_##lone,-12.914579391479492
malposed,3,ma_##l_##posed,-12.372352600097656
malraux,4,ma_##l_##ra_##ux,-19.726653575897217
malta,2,ma_##lta,-15.818258285522461
malted,3,ma_##lt_##ed,-11.127134323120117
maltese,3,ma_##lt_##ese,-18.652586936950684
mama,2,ma_##ma,-2.398784637451172
mambo,2,ma_##mbo,-4.747536659240723
mammalian,3,ma_##mmal_##ian,-0.678868293762207
mammals,1,mammals,-13.533463478088379
man,1,man,-6.2804460525512695
manage,1,manage,-10.258696556091309
managed,1,managed,-9.323295593261719
management,1,management,-11.186822891235352
manager,1,manager,-12.293461799621582
managerial,2,manager_##ial,-4.6615705490112305
managers,1,managers,-15.083404541015625
managing,1,managing,-12.682048797607422
manas,2,man_##as,-15.264210224151611
manchester,2,man_##chester,-19.362343788146973
mandate,1,mandate,-12.801559448242188
mandatory,1,mandatory,-11.226072311401367
mando,2,man_##do,-11.208782196044922
maneuver,1,maneuver,-12.936159133911133
maneuvered,2,maneuver_##ed,-11.967742919921875
maneuvering,2,maneuver_##ing,-8.496612548828125
maneuvers,1,maneuvers,-16.230064392089844
mangled,2,man_##gled,-5.740294456481934
manhattan,3,man_##hat_##tan,-9.278571128845215
manhood,2,man_##hood,-6.489311218261719
manhours,3,man_##hou_##rs,-18.19053840637207
maniac,2,man_##iac,-5.636941909790039
manifest,1,manifest,-11.351909637451172
manifestation,2,manifest_##ation,-7.035799026489258
manifestations,2,manifest_##ations,-9.123799800872803
manifested,2,manifest_##ed,-9.911650657653809
manifestly,2,manifest_##ly,-14.163508892059326
manifold,1,manifold,-12.788633346557617
manikin,3,man_##iki_##n,-5.317934989929199
manila,2,man_##ila,-13.127208232879639
manipulate,1,manipulate,-12.481191635131836
manipulated,1,manipulated,-12.451077461242676
manipulating,3,man_##ip_##ulating,-0.23000144958496094
manipulation,1,manipulation,-11.823066711425781
manipulations,2,manipulation_##s,-10.28866195678711
mankind,1,mankind,-10.395086288452148
mankowski,2,man_##kowski,-20.08082914352417
manley,2,man_##ley,-15.016304016113281
manly,2,man_##ly,-4.13481330871582
mann,2,man_##n,-18.57745885848999
manned,1,manned,-12.851607322692871
manner,1,manner,-12.40529727935791
mannerism,2,manner_##ism,-12.012406826019287
manners,1,manners,-11.530017852783203
manning,2,man_##ning,-12.986151218414307
manningham,3,man_##ning_##ham,-21.47484016418457
manny,2,man_##ny,-12.568056583404541
manometer,2,man_##ometer,-15.834650993347168
manon,2,man_##on,-16.499261379241943
manpower,2,man_##power,-5.615227699279785
manse,2,man_##se,-14.180561065673828
mansion,1,mansion,-12.768592834472656
mansions,2,mansion_##s,-12.3584566116333
mantel,2,man_##tel,-14.29805612564087
manthey,3,man_##the_##y,-13.069650173187256
mantle,1,mantle,-15.101871490478516
manual,1,manual,-11.436563491821289
manually,1,manually,-16.104717254638672
manuals,2,manual_##s,-15.874991416931152
manuel,2,man_##uel,-13.582425117492676
manufacture,1,manufacture,-12.576104164123535
manufactured,1,manufactured,-10.365347862243652
manufacturer,1,manufacturer,-12.260275840759277
manufacturers,1,manufacturers,-14.073159217834473
manufacturing,1,manufacturing,-13.954148292541504
manumitted,3,man_##umi_##tted,-5.876264572143555
manure,2,man_##ure,-8.334225177764893
manuscript,1,manuscript,-13.47142219543457
manuscripts,1,manuscripts,-15.346869468688965
manville,2,man_##ville,-14.08908987045288
many,1,many,-9.532785415649414
manzanola,3,man_##zano_##la,-25.429935455322266
mao,2,ma_##o,-15.872415542602539
map,1,map,-12.351370811462402
maple,1,maple,-14.254064559936523
maples,2,maple_##s,-15.296807289123535
mapped,1,mapped,-15.817963600158691
mapping,1,mapping,-15.380358695983887
maps,1,maps,-14.873194694519043
marble,1,marble,-11.27399730682373
marbleizing,2,marble_##izing,-24.42156219482422
marbles,2,marble_##s,-8.540018081665039
marc,2,ma_##rc,-14.291489601135254
marcello,3,ma_##rc_##ello,-8.410665035247803
march,1,march,-12.967607498168945
marched,1,marched,-16.21820068359375
marches,2,march_##es,-10.396778106689453
marching,1,marching,-14.526330947875977
marcus,3,ma_##rc_##us,-18.79409885406494
mardi,2,ma_##rdi,-14.792618751525879
mare,1,mare,-12.292458534240723
margaret,3,ma_##rga_##ret,-9.347041130065918
margin,1,margin,-11.028938293457031
marginal,1,marginal,-11.968156814575195
marginality,2,marginal_##ity,-11.601487159729004
marginally,2,marginal_##ly,-14.328313827514648
margins,1,margins,-13.77722454071045
maria,2,ma_##ria,-11.086909294128418
marie,2,ma_##rie,-13.126348495483398
marietta,3,ma_##rie_##tta,-11.57300853729248
marijuana,1,marijuana,-13.853097915649414
marin,2,ma_##rin,-11.859517097473145
marina,2,ma_##rina,-7.381776809692383
marinade,3,ma_##rina_##de,-2.838801383972168
marinas,3,ma_##rina_##s,-7.788910865783691
marine,1,marine,-11.435232162475586
marines,2,marine_##s,-10.676453590393066
maris,2,ma_##ris,-13.58916187286377
marital,1,marital,-12.247991561889648
maritime,1,maritime,-12.354641914367676
marjorie,4,ma_##r_##jo_##rie,-12.619061470031738
mark,1,mark,-10.608716011047363
marked,1,marked,-11.289907455444336
markedly,2,marked_##ly,-15.255934715270996
marker,1,marker,-13.892938613891602
market,1,market,-11.497184753417969
marketable,2,market_##able,-11.14156436920166
marketing,1,marketing,-13.79951286315918
marketplace,1,marketplace,-15.323455810546875
markets,1,markets,-14.722972869873047
marking,1,marking,-14.871963500976562
markings,1,markings,-15.687625885009766
marks,1,marks,-12.245859146118164
marksman,2,marks_##man,-7.047786235809326
marlene,2,ma_##rlene,-16.94253921508789
marlin,2,ma_##rlin,-11.431951999664307
marlowe,4,ma_##rl_##ow_##e,-16.497676372528076
maroon,2,ma_##roon,-5.463666915893555
marquis,3,ma_##r_##quis,-0.38245582580566406
marr,2,ma_##rr,-11.649748802185059
marred,1,marred,-13.803865432739258
marriage,1,marriage,-8.785323143005371
marriages,1,marriages,-13.499310493469238
married,1,married,-9.947633743286133
marrow,2,ma_##rrow,-8.94690990447998
marry,1,marry,-10.984219551086426
marrying,1,marrying,-12.867987632751465
mars,2,ma_##rs,-14.551033973693848
marshal,1,marshal,-12.131695747375488
marshall,2,marshal_##l,-12.673064231872559
marshalled,2,marshal_##led,-8.619725704193115
marshes,1,marshes,-15.961411476135254
marshlands,2,marsh_##lands,-8.33848762512207
marshmallows,3,marsh_##mal_##lows,-2.0932483673095703
marsicano,4,ma_##rs_##ica_##no,-17.279109001159668
mart,2,ma_##rt,-10.800049304962158
martian,3,ma_##rt_##ian,-10.249667167663574
martians,3,ma_##rt_##ians,-14.602821350097656
martin,3,ma_##rt_##in,-2.696713447570801
martinez,4,ma_##rt_##ine_##z,-10.884724617004395
martinis,4,ma_##rt_##ini_##s,-0.7581119537353516
marts,2,ma_##rts,-16.497947692871094
marty,3,ma_##rt_##y,-15.923973083496094
marv,3,ma_##r_##v,-12.137247085571289
marvel,3,ma_##rve_##l,-2.1395092010498047
marvelous,3,ma_##rve_##lous,-0.161834716796875
marvelously,4,ma_##rve_##lous_##ly,-3.965195655822754
marvels,3,ma_##rve_##ls,-4.415109634399414
marvin,2,ma_##rvin,-17.48103094100952
marx,3,ma_##r_##x,-8.614130973815918
marxist,4,ma_##r_##xi_##st,-1.962942123413086
mary,2,ma_##ry,-12.736892700195312
maryland,3,ma_##ryl_##and,-10.68872880935669
masaryk,3,ma_##sar_##yk,-13.66063117980957
masculine,1,masculine,-10.627601623535156
masculinity,4,ma_##s_##cu_##linity,-0.0843353271484375
mashed,2,ma_##shed,-13.388189315795898
mashing,2,ma_##shing,-10.000566482543945
mask,1,mask,-11.971643447875977
masked,1,masked,-12.740018844604492
masking,2,mask_##ing,-8.36997365951538
masks,1,masks,-14.219945907592773
mason,2,ma_##son,-8.722205638885498
masonry,1,masonry,-13.857051849365234
mass,1,mass,-11.78276252746582
massachusetts,4,mass_##ach_##use_##tts,-24.363876342773438
massacred,2,massacre_##d,-6.622603416442871
massage,1,massage,-14.635546684265137
massaging,2,mass_##aging,-11.60057544708252
massed,2,mass_##ed,-16.652233600616455
masses,1,masses,-12.648759841918945
masseur,2,mass_##eur,-9.723974227905273
massimo,2,mass_##imo,-13.710735321044922
massive,1,massive,-10.875860214233398
mast,1,mast,-14.051878929138184
master,1,master,-5.526575088500977
mastered,1,mastered,-11.110536575317383
masterful,2,master_##ful,-8.745209693908691
masterfully,2,master_##fully,-10.603522300720215
masterly,2,master_##ly,-7.418184280395508
masterpiece,1,masterpiece,-10.647839546203613
masters,1,masters,-9.305087089538574
mastery,2,master_##y,-6.5208516120910645
mastodons,3,mast_##od_##ons,-6.042869567871094
masts,2,mast_##s,-15.564719200134277
masu,2,ma_##su,-14.15007734298706
match,1,match,-10.306571960449219
matched,1,matched,-11.546024322509766
matches,1,matches,-13.604204177856445
matching,1,matching,-12.947660446166992
mate,1,mate,-7.939211845397949
mated,2,mate_##d,-5.004354476928711
mateo,2,mate_##o,-25.338974952697754
material,1,material,-11.22070598602295
materialism,2,material_##ism,-7.064236640930176
materialized,2,material_##ized,-9.150497436523438
materials,1,materials,-13.173717498779297
maternal,1,maternal,-11.829482078552246
mates,1,mates,-9.791902542114258
math,1,math,-14.941532135009766
mathematical,1,mathematical,-13.590662002563477
mathematically,2,mathematical_##ly,-14.3673677444458
mathematician,1,mathematician,-14.248297691345215
mathematics,1,mathematics,-14.21953010559082
mathewson,3,math_##ews_##on,-25.655436038970947
mathues,2,math_##ues,-28.74688148498535
matilda,3,mat_##il_##da,-17.168755531311035
mating,1,mating,-12.25044059753418
matrimony,3,mat_##rim_##ony,-0.22865867614746094
matron,2,mat_##ron,-4.038451194763184
mats,2,mat_##s,-13.393895149230957
matson,2,mat_##son,-15.8900146484375
matsuo,3,mat_##su_##o,-8.373066902160645
matt,2,mat_##t,-14.091959953308105
mattei,3,mat_##te_##i,-18.71873378753662
matter,1,matter,-10.0265531539917
mattered,1,mattered,-12.904492378234863
matters,1,matters,-13.45462703704834
matting,2,mat_##ting,-15.323509216308594
mattresses,2,mattress_##es,-9.450063705444336
matunuck,3,mat_##un_##uck,-22.89282989501953
mature,1,mature,-9.847513198852539
maturity,1,maturity,-11.809196472167969
maude,2,ma_##ude,-19.701899528503418
maudlin,3,ma_##ud_##lin,-0.019281387329101562
mauling,3,ma_##ulin_##g,-1.1730852127075195
maurice,3,ma_##uri_##ce,-13.36906909942627
mavis,2,ma_##vis,-11.711977005004883
max,2,ma_##x,-4.642765998840332
maximal,2,ma_##ximal,-8.037889003753662
maximilian,4,ma_##xi_##mi_##lian,-12.897523880004883
maximization,4,ma_##xi_##mi_##zation,-0.2727537155151367
maximize,3,ma_##xi_##mize,-3.371671676635742
maximizes,4,ma_##xi_##mize_##s,-4.883743762969971
maximizing,3,ma_##xi_##mizing,-3.4707117080688477
maximum,1,maximum,-10.435928344726562
maxine,3,ma_##xin_##e,-17.175169944763184
maxwell,3,ma_##x_##well,-15.415911674499512
may,1,may,-9.30528450012207
maybe,1,maybe,-8.239728927612305
mayer,2,may_##er,-14.936779022216797
mayflower,2,may_##flower,-15.83605670928955
mayhem,2,may_##hem,-0.6436643600463867
maynor,2,may_##nor,-19.66569995880127
mayonnaise,4,may_##on_##nai_##se,-0.03888511657714844
mayor,1,mayor,-11.086615562438965
mayoral,2,mayor_##al,-9.656980991363525
mays,2,may_##s,-13.565995216369629
maze,1,maze,-13.687522888183594
mazeroski,3,maze_##ros_##ki,-25.794488430023193
mcalester,3,m_##cale_##ster,-29.010785579681396
mcalister,3,m_##cal_##ister,-25.836783409118652
mcauliffe,4,m_##ca_##uli_##ffe,-27.140579223632812
mcbride,4,m_##c_##bri_##de,-13.744678497314453
mccarthy,4,m_##cca_##rth_##y,-20.62805938720703
mccauley,4,m_##cca_##ule_##y,-33.61162567138672
mccay,3,m_##cca_##y,-26.76833724975586
mcclellan,4,m_##cc_##le_##llan,-31.70246124267578
mccloy,3,m_##cc_##loy,-32.83802318572998
mccormick,4,m_##cco_##rm_##ick,-28.881728172302246
mcdaniel,4,m_##c_##dan_##iel,-32.117663860321045
mcelvaney,4,m_##cel_##van_##ey,-33.53913879394531
mcfarland,4,m_##c_##far_##land,-18.86713218688965
mcfeeley,4,m_##c_##fe_##eley,-22.143596649169922
mcgehee,4,m_##c_##ge_##hee,-27.08690071105957
mcgeorge,5,m_##c_##ge_##or_##ge,-22.27906608581543
mciver,3,m_##ci_##ver,-26.593876838684082
mckee,3,m_##cke_##e,-15.750553607940674
mckenzie,4,m_##cke_##nz_##ie,-9.220895767211914
mckinley,4,m_##cki_##n_##ley,-21.814362049102783
mclauchlin,5,m_##c_##lau_##ch_##lin,-23.641246795654297
mcnair,4,m_##c_##nai_##r,-22.421810150146484
mcnear,4,m_##c_##nea_##r,-26.546502590179443
mcroberts,4,m_##c_##robe_##rts,-23.45374298095703
me,1,me,-6.93102502822876
mead,2,me_##ad,-8.307102680206299
meadow,1,meadow,-14.055395126342773
meadows,1,meadows,-15.35842514038086
meager,2,me_##ager,-5.455863952636719
meal,1,meal,-12.823465347290039
meals,1,meals,-14.80344009399414
mean,1,mean,-9.848905563354492
meandered,2,mean_##dered,-14.239278793334961
meandering,2,mean_##dering,-7.575896739959717
meaning,1,meaning,-10.144876480102539
meaningful,1,meaningful,-11.58071231842041
meaningless,2,meaning_##less,-3.7148256301879883
meanings,1,meanings,-14.577576637268066
meanness,2,mean_##ness,-8.749335289001465
means,1,means,-11.267854690551758
meant,1,meant,-10.204692840576172
meantime,1,meantime,-14.42668342590332
meanwhile,1,meanwhile,-15.153364181518555
measles,3,me_##as_##les,-1.6624364852905273
measurable,3,me_##as_##urable,-1.964280128479004
measure,1,measure,-11.855916023254395
measured,1,measured,-12.134416580200195
measurement,1,measurement,-13.151832580566406
measurements,1,measurements,-14.758464813232422
measures,1,measures,-13.674126625061035
measuring,1,measuring,-14.560436248779297
meat,1,meat,-10.024978637695312
meats,2,meat_##s,-12.98236894607544
mecca,2,me_##cca,-7.504294395446777
mechanic,1,mechanic,-13.486284255981445
mechanical,1,mechanical,-12.26481819152832
mechanically,2,mechanical_##ly,-14.029109001159668
mechanics,1,mechanics,-12.858264923095703
mechanism,1,mechanism,-13.189277648925781
mechanisms,1,mechanisms,-14.885988235473633
mechanized,2,me_##chanized,-8.421253204345703
medal,1,medal,-11.538488388061523
medals,1,medals,-12.7351713180542
medea,2,me_##dea,-11.30431079864502
medfield,3,me_##d_##field,-17.044407844543457
media,1,media,-11.293638229370117
median,1,median,-14.57791519165039
medical,1,medical,-9.94800090789795
medically,2,medical_##ly,-12.921797752380371
medication,1,medication,-13.317249298095703
medici,3,me_##dic_##i,-9.263353824615479
medicinal,1,medicinal,-13.125761032104492
medicine,1,medicine,-10.695183753967285
medicines,1,medicines,-13.796046257019043
medieval,1,medieval,-11.931363105773926
mediocrity,4,me_##dio_##c_##rity,-0.053791046142578125
meditated,3,me_##dit_##ated,-5.5874176025390625
meditation,1,meditation,-13.574468612670898
meditations,2,meditation_##s,-12.191352844238281
meditative,3,me_##dit_##ative,-0.5281257629394531
mediterranean,5,me_##dit_##er_##rane_##an,-0.6437597274780273
medium,1,medium,-9.504165649414062
mediumistic,2,medium_##istic,-22.827451705932617
mediums,2,medium_##s,-12.172393321990967
mediumship,2,medium_##ship,-8.121647357940674
meek,2,me_##ek,-5.369572639465332
meeker,3,me_##ek_##er,-6.355283737182617
meekly,3,me_##ek_##ly,-4.250742435455322
meet,1,meet,-11.586845397949219
meeting,1,meeting,-11.944462776184082
meetings,1,meetings,-15.118816375732422
meets,1,meets,-14.141338348388672
megakaryocytic,6,me_##ga_##kar_##yo_##cy_##tic,-11.370786666870117
mehitabel,3,me_##hita_##bel,-16.060484409332275
meinckian,4,me_##in_##cki_##an,-38.81812000274658
meisenheimer,5,me_##ise_##nh_##eim_##er,-14.391117095947266
mekong,3,me_##kon_##g,-9.584654808044434
mel,2,me_##l,-14.698123931884766
melamine,3,me_##lam_##ine,-3.9838361740112305
melancholy,1,melancholy,-14.143160820007324
melanesian,3,me_##lane_##sian,-18.000352382659912
melee,2,me_##lee,-10.097397804260254
melies,2,me_##lies,-21.51994800567627
melissa,3,me_##lis_##sa,-12.023444652557373
mellowed,3,me_##llow_##ed,-5.446530818939209
melodic,1,melodic,-14.14207935333252
melodies,1,melodies,-15.94993782043457
melodramatic,4,me_##lo_##dra_##matic,-0.12152671813964844
melody,1,melody,-14.490531921386719
melon,2,me_##lon,-10.35555362701416
melt,1,melt,-11.859113693237305
melted,1,melted,-13.246265411376953
melting,1,melting,-13.286258697509766
meltzer,2,melt_##zer,-27.976975440979004
melvin,2,me_##lvin,-22.514659881591797
melzi,3,me_##l_##zi,-22.197901725769043
mem,2,me_##m,-11.230488300323486
member,1,member,-10.392730712890625
members,1,members,-10.915934562683105
membership,1,membership,-12.935575485229492
memberships,2,membership_##s,-15.678036212921143
membrane,1,membrane,-13.431718826293945
memo,2,me_##mo,-7.166535377502441
memorabilia,4,me_##mor_##abi_##lia,-0.07762336730957031
memorable,1,memorable,-11.563495635986328
memorial,1,memorial,-13.284499168395996
memorials,2,memorial_##s,-13.217211723327637
memories,1,memories,-12.720146179199219
memorize,3,me_##mor_##ize,-3.101316452026367
memorized,3,me_##mor_##ized,-0.4356269836425781
memorizing,3,me_##mor_##izing,-3.475170135498047
memory,1,memory,-10.931376457214355
memphis,3,me_##mp_##his,-15.16737413406372
men,1,men,-8.542442321777344
menace,2,men_##ace,-0.6528987884521484
menaced,3,men_##ace_##d,-5.481899261474609
menacing,1,menacing,-11.727487564086914
menarche,3,men_##ar_##che,-3.943234443664551
menas,2,men_##as,-17.216506958007812
mencken,3,men_##cke_##n,-11.494595527648926
mend,2,men_##d,-10.442448139190674
mendacious,3,men_##da_##cious,-9.436784744262695
mending,2,men_##ding,-7.251454830169678
mendoza,3,men_##do_##za,-13.993948936462402
menfolk,3,men_##fo_##lk,-2.8671274185180664
mennen,2,men_##nen,-18.614559173583984
menshikov,3,men_##shi_##kov,-15.027593612670898
menstruation,4,men_##st_##ru_##ation,-1.4855384826660156
mental,1,mental,-10.095165252685547
mentality,2,mental_##ity,-7.084477424621582
mentally,1,mentally,-13.051212310791016
mention,1,mention,-14.692909240722656
mentioned,1,mentioned,-12.85318660736084
mentioning,1,mentioning,-16.265323638916016
mentions,1,mentions,-16.18989372253418
menu,1,menu,-14.637649536132812
menus,2,menu_##s,-11.876877784729004
mephistopheles,5,me_##phi_##stop_##hel_##es,-8.656562805175781
merc,2,me_##rc,-7.64767599105835
mercenaries,1,mercenaries,-12.70864486694336
mercer,3,me_##rc_##er,-3.600252151489258
mercers,3,me_##rc_##ers,-7.946832180023193
merchandising,4,me_##rch_##and_##ising,-0.20161056518554688
merchant,1,merchant,-10.98318862915039
merchants,1,merchants,-12.614744186401367
merciless,4,me_##rc_##iles_##s,-0.071563720703125
mercilessly,5,me_##rc_##iles_##s_##ly,-0.9692287445068359
mercury,1,mercury,-14.888941764831543
mercy,1,mercy,-7.97257137298584
mere,1,mere,-11.417245864868164
meredith,3,mere_##dit_##h,-27.946569442749023
merely,1,merely,-10.499832153320312
merest,2,mere_##st,-13.922806739807129
merged,1,merged,-13.537179946899414
merger,1,merger,-14.148691177368164
mergers,2,merger_##s,-10.577234268188477
merges,2,merge_##s,-9.48331356048584
merging,1,merging,-15.511213302612305
merit,1,merit,-10.606403350830078
merited,2,merit_##ed,-8.198171138763428
meritorious,2,merit_##orious,-0.7616958618164062
merits,1,merits,-12.689284324645996
merrily,3,me_##rri_##ly,-6.777872085571289
merrimac,4,me_##rri_##ma_##c,-13.99494457244873
merrimack,4,me_##rri_##ma_##ck,-12.819647789001465
merriment,3,me_##rri_##ment,-0.302886962890625
merritt,3,me_##rri_##tt,-19.647560119628906
merry,2,me_##rry,-4.28669548034668
mesenteric,3,me_##sent_##eric,-6.2927350997924805
mesh,1,mesh,-12.5770263671875
mess,1,mess,-12.025050163269043
message,1,message,-10.502462387084961
messages,1,messages,-12.484216690063477
messenger,1,messenger,-11.978813171386719
messengers,2,messenger_##s,-8.466859817504883
messing,1,messing,-14.85941219329834
messy,1,messy,-12.56719970703125
met,1,met,-9.435221672058105
metabolic,1,metabolic,-15.423248291015625
metabolite,3,meta_##bol_##ite,-0.9228792190551758
metabolized,3,meta_##bol_##ized,-2.760650634765625
metal,1,metal,-10.454902648925781
metallic,1,metallic,-13.467487335205078
metals,1,metals,-14.618244171142578
metamorphosed,5,meta_##mor_##ph_##ose_##d,-0.09017658233642578
metamorphosis,4,meta_##mor_##ph_##osis,-0.009700775146484375
metaphysical,2,meta_##physical,-0.8795480728149414
metaphysics,2,meta_##physics,-1.2513151168823242
meteor,2,met_##eor,-1.2064762115478516
meteoric,3,met_##eor_##ic,-2.051680564880371
meteorites,3,met_##eor_##ites,-3.804173469543457
meteoritic,3,met_##eor_##itic,-6.129638671875
meteorological,2,met_##eorological,-4.449209213256836
meteors,3,met_##eor_##s,-3.511383056640625
meter,1,meter,-14.249720573425293
metered,2,meter_##ed,-12.505742073059082
meters,1,meters,-16.00153350830078
method,1,method,-10.573275566101074
methodical,2,method_##ical,-1.5548667907714844
methodically,2,method_##ically,-7.310995101928711
methodism,2,method_##ism,-15.565727233886719
methodist,2,method_##ist,-12.947834014892578
methods,1,methods,-12.99605941772461
meticulously,3,met_##ic_##ulously,-3.090087890625
metre,1,metre,-14.707297325134277
metrical,2,metric_##al,-10.326682090759277
metro,1,metro,-14.56216812133789
metronome,3,metro_##no_##me,-4.268362998962402
metropolis,2,metro_##polis,-0.8371448516845703
metropolitan,1,metropolitan,-14.446151733398438
metropolitian,3,metro_##poli_##tian,-8.598910808563232
mettle,2,met_##tle,-7.035736083984375
mettlesome,3,met_##tles_##ome,-15.703285217285156
mewed,2,me_##wed,-12.41048812866211
mexican,3,me_##xi_##can,-2.3175086975097656
mexicans,3,me_##xi_##cans,-6.836465835571289
mexico,3,me_##xi_##co,-8.720022201538086
meyer,2,me_##yer,-16.429086208343506
meynell,3,me_##yne_##ll,-19.897560596466064
mg,1,mg,-14.99676513671875
mi,1,mi,-12.271507263183594
miami,2,mi_##ami,-15.134544372558594
mice,1,mice,-14.546966552734375
michael,3,mi_##cha_##el,-11.699892044067383
michelangelo,3,mi_##chel_##angelo,-25.78026008605957
michigan,3,mi_##chi_##gan,-16.26216411590576
mickey,2,mi_##ckey,-8.334303379058838
mickie,3,mi_##cki_##e,-15.486310005187988
microchemistry,2,micro_##chemistry,-14.318779945373535
microcytochemistry,4,micro_##cy_##to_##chemistry,-10.114761352539062
micrometeorite,4,micro_##met_##eor_##ite,-0.6869077682495117
micrometeorites,4,micro_##met_##eor_##ites,-4.558097839355469
micrometeoritic,4,micro_##met_##eor_##itic,-5.3016767501831055
micrometer,2,micro_##meter,-11.794082641601562
microns,2,micro_##ns,-12.7717924118042
microorganisms,4,micro_##or_##gan_##isms,-1.168569564819336
microphone,1,microphone,-14.376562118530273
microphones,2,microphone_##s,-11.776078224182129
microscope,2,micro_##scope,-2.8885087966918945
microscopic,2,micro_##scopic,-1.068882942199707
microscopical,3,micro_##scopic_##al,-2.142782211303711
microscopy,3,micro_##sco_##py,-0.13566875457763672
microseconds,4,micro_##se_##con_##ds,-1.1073722839355469
microwave,1,microwave,-14.95008659362793
midair,2,mid_##air,-9.518767356872559
midday,2,mid_##day,-5.175222396850586
middle,1,middle,-12.141319274902344
midge,2,mid_##ge,-9.20820665359497
midi,2,mid_##i,-12.880706310272217
midnight,1,midnight,-10.229107856750488
midshipmen,3,mid_##ship_##men,-3.9772233963012695
midst,1,midst,-15.223731994628906
midwest,3,mid_##wes_##t,-3.765878677368164
midwestern,3,mid_##wes_##tern,-1.0635881423950195
midwife,2,mid_##wife,-2.884341239929199
midwood,2,mid_##wood,-15.328835487365723
miffed,2,mi_##ffed,-4.289454460144043
might,1,might,-9.944452285766602
mighty,1,mighty,-8.443690299987793
migrant,1,migrant,-15.205636978149414
migrate,1,migrate,-14.771650314331055
migrating,2,mi_##grating,-5.899621963500977
migration,1,migration,-13.92962646484375
migratory,2,mi_##gratory,-5.689241409301758
migs,2,mi_##gs,-16.400312900543213
miguel,3,mi_##gue_##l,-19.051212310791016
mike,2,mi_##ke,-8.153924942016602
mikeen,3,mi_##ke_##en,-25.91136646270752
mikhail,3,mi_##kha_##il,-18.4330096244812
milan,2,mi_##lan,-13.436467170715332
milcote,3,mi_##l_##cote,-18.326327323913574
mild,1,mild,-9.584718704223633
milder,2,mild_##er,-7.7849602699279785
mildew,2,mild_##ew,-6.035383224487305
mildly,1,mildly,-13.697707176208496
mile,1,mile,-13.510733604431152
mileage,2,mile_##age,-4.25319766998291
milenoff,3,mile_##no_##ff,-22.780813217163086
miles,1,miles,-12.672771453857422
milestone,1,milestone,-13.407975196838379
milestones,2,milestone_##s,-11.924817085266113
milieu,3,mi_##lie_##u,-1.7342405319213867
militant,1,militant,-11.4568510055542
militantly,2,militant_##ly,-13.560307025909424
militarism,4,mi_##lit_##aris_##m,-0.38383007049560547
militarist,4,mi_##lit_##aris_##t,-2.1995697021484375
military,1,military,-9.490415573120117
militia,1,militia,-11.098081588745117
milk,1,milk,-11.651165962219238
milky,2,milk_##y,-8.53264045715332
mill,1,mill,-12.045964241027832
millenium,3,mill_##eni_##um,-0.8027582168579102
millennia,3,mill_##en_##nia,-0.021381378173828125
miller,2,mill_##er,-11.139820098876953
millidegree,4,mill_##ide_##g_##ree,-21.931958198547363
millidegrees,5,mill_##ide_##g_##ree_##s,-23.630026817321777
millie,2,mill_##ie,-16.629220008850098
milligram,3,mill_##ig_##ram,-1.7553863525390625
milligrams,3,mill_##ig_##rams,-2.9649105072021484
millimeter,2,mill_##imeter,-2.5730323791503906
millinery,3,mill_##iner_##y,-0.38697147369384766
milling,1,milling,-17.1087703704834
million,1,million,-12.682998657226562
millions,1,millions,-12.699024200439453
millivoltmeter,4,mill_##ivo_##lt_##meter,-20.299182891845703
mills,1,mills,-15.397059440612793
milquetoast,4,mi_##l_##quet_##oast,-1.0204086303710938
milquetoasts,5,mi_##l_##quet_##oast_##s,-5.111355304718018
milstein,3,mi_##ls_##tein,-14.015012741088867
milt,2,mi_##lt,-10.716106414794922
milton,2,mi_##lton,-18.709187030792236
milwaukee,5,mi_##l_##wa_##uke_##e,-15.148419380187988
mimesis,3,mi_##mes_##is,-6.449934959411621
mimetic,3,mi_##met_##ic,-3.686586380004883
mimetically,3,mi_##met_##ically,-13.668123245239258
min,1,min,-12.74555778503418
minarets,3,min_##aret_##s,-5.373258590698242
mince,2,min_##ce,-6.107468605041504
mincing,2,min_##cing,-7.415348052978516
mind,1,mind,-10.409149169921875
mindanao,3,mind_##ana_##o,-27.38897705078125
minded,1,minded,-12.810023307800293
mindful,2,mind_##ful,-7.697247505187988
minds,1,minds,-12.429173469543457
mine,1,mine,-4.987734794616699
mineral,1,mineral,-11.797985076904297
mineralogical,2,mineral_##ogical,-15.623517990112305
mineralogy,2,mineral_##ogy,-9.047002792358398
minerals,1,minerals,-13.319051742553711
miners,1,miners,-12.882097244262695
mines,1,mines,-11.886568069458008
mingle,2,min_##gle,-6.599766731262207
mingled,2,min_##gled,-5.391020774841309
minh,2,min_##h,-17.304213523864746
miniature,1,miniature,-12.33362102508545
minimal,1,minimal,-9.910504341125488
minimize,1,minimize,-13.163517951965332
minimizing,2,mini_##mizing,-5.148864269256592
minimum,1,minimum,-10.0597562789917
mining,1,mining,-11.455079078674316
minister,1,minister,-12.642145156860352
ministers,1,ministers,-14.557548522949219
ministrations,3,mini_##stra_##tions,-2.1791181564331055
ministry,1,ministry,-14.532386779785156
mink,2,min_##k,-7.785714626312256
minneapolis,3,min_##nea_##polis,-30.89859390258789
minnesota,3,min_##nes_##ota,-24.319141387939453
minnie,2,min_##nie,-13.63034200668335
minor,1,minor,-9.34506607055664
minority,1,minority,-12.576420783996582
minstrel,3,min_##st_##rel,-0.1757373809814453
minstrels,4,min_##st_##rel_##s,-1.6694059371948242
minus,1,minus,-13.033974647521973
minute,1,minute,-11.762306213378906
minuteman,2,minute_##man,-20.321683883666992
minutemen,2,minute_##men,-21.616439819335938
minutes,1,minutes,-12.623454093933105
miracle,1,miracle,-8.574037551879883
miracles,1,miracles,-10.065193176269531
miraculous,3,mi_##rac_##ulous,-0.005702972412109375
miranda,3,mi_##rand_##a,-8.50235366821289
miriam,3,mi_##ria_##m,-17.944897651672363
mirror,1,mirror,-12.760985374450684
mirrors,1,mirrors,-15.489673614501953
mirthless,3,mi_##rth_##less,-0.3339881896972656
misbehavior,5,mi_##s_##be_##ha_##vior,-0.3769683837890625
misbranded,4,mi_##s_##brand_##ed,-4.692866325378418
miscalculation,5,mi_##sca_##l_##cula_##tion,-0.15648651123046875
miscarried,3,mi_##sca_##rried,-1.5120573043823242
miscegenation,5,mi_##s_##ce_##gen_##ation,-0.053768157958984375
miscellaneous,4,mi_##s_##cell_##aneous,-0.6706333160400391
mischa,3,mi_##sch_##a,-17.719436168670654
mischief,3,mi_##sch_##ief,-0.039882659912109375
mischievous,4,mi_##sch_##ie_##vous,-0.001415252685546875
misconception,4,mi_##sco_##nce_##ption,-0.018186569213867188
misconstructions,5,mi_##sco_##nst_##ru_##ctions,-9.925314903259277
miscreants,4,mi_##s_##cre_##ants,-3.0725183486938477
misdeeds,4,mi_##s_##de_##eds,-0.8037891387939453
misdirectors,5,mi_##s_##dir_##ector_##s,-4.00494384765625
miserable,1,miserable,-9.949088096618652
miserably,3,mi_##ser_##ably,-1.4204845428466797
miseries,3,mi_##ser_##ies,-4.461706161499023
misery,1,misery,-11.232992172241211
misfortune,4,mi_##s_##fort_##une,-0.03822517395019531
misgivings,5,mi_##s_##gi_##ving_##s,-0.06377220153808594
mishap,3,mi_##sha_##p,-0.06368446350097656
misinterpret,5,mi_##sin_##ter_##p_##ret,-0.2676410675048828
misinterpreted,6,mi_##sin_##ter_##p_##ret_##ed,-0.053162574768066406
misjudged,4,mi_##s_##ju_##dged,-0.11410331726074219
misleading,1,misleading,-11.790428161621094
misled,3,mi_##sle_##d,-0.9601039886474609
mismanaged,3,mi_##sman_##aged,-0.2943763732910156
misnomer,4,mi_##s_##no_##mer,-0.011621475219726562
misogynist,4,mi_##so_##gy_##nist,-1.4122467041015625
misperceives,4,mi_##sper_##ceive_##s,-7.364426612854004
misplaced,3,mi_##sp_##laced,-0.0048084259033203125
misplacing,3,mi_##sp_##lacing,-10.389984130859375
misrelated,4,mi_##s_##rel_##ated,-12.27437973022461
misrepresentation,6,mi_##s_##re_##p_##res_##entation,-2.3041534423828125
misrepresents,6,mi_##s_##re_##p_##res_##ents,-6.431455612182617
miss,1,miss,-9.267141342163086
missail,2,miss_##ail,-22.333151817321777
missed,1,missed,-11.468986511230469
misses,1,misses,-12.787853240966797
misshapen,3,miss_##ha_##pen,-0.12127494812011719
missile,1,missile,-12.740894317626953
missiles,1,missiles,-14.401924133300781
missing,1,missing,-11.335962295532227
mission,1,mission,-10.518497467041016
missionaries,1,missionaries,-14.209924697875977
missionary,1,missionary,-12.693103790283203
missions,1,missions,-13.25387954711914
mississippi,4,miss_##iss_##ip_##pi,-13.919840335845947
missouri,3,miss_##our_##i,-23.16183042526245
misstep,2,miss_##tep,-5.697881698608398
mist,1,mist,-10.510714530944824
mistake,1,mistake,-8.99918270111084
mistaken,1,mistaken,-11.16084098815918
mistakes,1,mistakes,-11.092973709106445
mistaking,2,mist_##aking,-8.437570571899414
mister,2,mist_##er,-4.970849990844727
mistress,1,mistress,-9.784493446350098
mistrust,2,mist_##rust,-2.3832015991210938
misty,2,mist_##y,-10.689338207244873
misunderstanding,2,mi_##sunderstanding,-1.6350889205932617
misunderstood,5,mi_##sun_##ders_##to_##od,-0.0014934539794921875
mitch,2,mit_##ch,-10.129131317138672
mitchell,3,mit_##chel_##l,-10.933198928833008
miter,2,mit_##er,-11.84835433959961
mitigating,3,mit_##iga_##ting,-3.850006103515625
mitral,2,mit_##ral,-12.834834575653076
mittens,2,mit_##tens,-8.891737937927246
mityukh,3,mit_##yu_##kh,-21.961995124816895
mix,1,mix,-11.403017044067383
mixed,1,mixed,-10.569982528686523
mixer,2,mix_##er,-8.401151657104492
mixing,1,mixing,-13.862163543701172
mixture,1,mixture,-13.013713836669922
mixtures,2,mixture_##s,-9.121162414550781
mizell,3,mi_##zel_##l,-30.96012258529663
ml,2,m_##l,-15.006866931915283
mme,2,mm_##e,-19.456797122955322
mmes,2,mm_##es,-21.614900588989258
mo,2,m_##o,-6.4199042320251465
moan,1,moan,-12.072516441345215
moaned,1,moaned,-14.294800758361816
moans,2,moan_##s,-8.667142868041992
mob,1,mob,-11.980688095092773
mobile,1,mobile,-10.762174606323242
mobilize,2,mob_##ilize,-5.164183616638184
mobilized,2,mob_##ilized,-4.216977119445801
mock,1,mock,-13.673857688903809
mocking,1,mocking,-13.283586502075195
mode,1,mode,-12.778623580932617
model,1,model,-12.07351303100586
modeled,1,modeled,-16.340255737304688
modeling,1,modeling,-16.14505386352539
models,1,models,-14.239645004272461
moderate,1,moderate,-9.711050987243652
moderately,1,moderately,-13.517539978027344
moderates,2,moderate_##s,-12.559110164642334
moderator,2,mode_##rator,-0.9344387054443359
modern,1,modern,-12.664100646972656
modernism,2,modern_##ism,-8.792245864868164
modernistic,2,modernist_##ic,-9.587988376617432
modernity,2,modern_##ity,-7.6842427253723145
modernization,1,modernization,-16.67157745361328
modernized,2,modern_##ized,-9.666121482849121
modernizing,2,modern_##izing,-11.66667890548706
modes,1,modes,-16.313814163208008
modest,1,modest,-8.491972923278809
modestly,2,modest_##ly,-12.632935047149658
modesty,2,modest_##y,-4.882735729217529
modification,1,modification,-15.641539573669434
modifications,1,modifications,-14.815866470336914
modified,1,modified,-11.844675064086914
modifier,3,m_##od_##ifier,-3.6036581993103027
modifiers,4,m_##od_##ifier_##s,-2.744723320007324
modifies,3,m_##od_##ifies,-5.479553699493408
modify,1,modify,-14.089492797851562
modifying,2,modify_##ing,-7.541128635406494
modular,1,modular,-13.928068161010742
modulation,3,m_##od_##ulation,-1.5189552307128906
modules,1,modules,-14.334839820861816
moffett,3,m_##off_##ett,-20.35123348236084
mohammad,4,m_##oh_##am_##mad,-10.838382720947266
mohammed,4,m_##oh_##am_##med,-3.8819456100463867
moineau,4,m_##oi_##nea_##u,-12.724597454071045
moise,2,m_##oise,-16.955769062042236
moist,1,moist,-14.390203475952148
moisten,2,moist_##en,-13.73234748840332
moistened,2,moist_##ened,-10.013843536376953
moisture,1,moisture,-12.756736755371094
molars,3,m_##olar_##s,-3.2187747955322266
molasses,3,m_##ola_##sses,-0.05925750732421875
mold,1,mold,-11.731271743774414
moldavian,3,mold_##avia_##n,-29.882237434387207
molded,2,mold_##ed,-8.653923511505127
molding,2,mold_##ing,-9.821703910827637
molds,2,mold_##s,-14.013241291046143
mole,1,mole,-12.561336517333984
molecular,1,molecular,-13.60030746459961
molecule,1,molecule,-12.095403671264648
molecules,1,molecules,-12.936575889587402
molesworth,2,mole_##sworth,-18.789644241333008
moliere,3,m_##oli_##ere,-13.248321533203125
molinari,3,m_##olin_##ari,-16.560119152069092
moll,2,m_##oll,-7.172089576721191
mollie,3,m_##oll_##ie,-14.673791885375977
mollusks,2,mollusk_##s,-11.06516170501709
molly,2,m_##olly,-9.715953826904297
moloch,3,m_##olo_##ch,-7.626764297485352
molten,2,m_##olten,-6.650638580322266
moluccas,4,m_##ol_##uc_##cas,-15.375795364379883
molvar,3,m_##ol_##var,-23.01872730255127
moment,1,moment,-10.384459495544434
momentarily,1,momentarily,-14.203470230102539
momentary,2,moment_##ary,-4.870334625244141
momentous,2,moment_##ous,-7.1132612228393555
moments,1,moments,-12.376557350158691
momentum,1,momentum,-13.275507926940918
mommy,2,mom_##my,-1.8554859161376953
momoyama,3,mom_##oya_##ma,-19.203498363494873
monacle,2,mon_##acle,-20.514824867248535
monagan,2,mon_##agan,-24.66922378540039
monarch,1,monarch,-11.237772941589355
monasteries,1,monasteries,-15.95531177520752
monastic,1,monastic,-12.996238708496094
monaural,3,mon_##au_##ral,-0.9867219924926758
monday,2,mon_##day,-14.555540561676025
mondonville,3,mon_##don_##ville,-28.15507459640503
monet,2,mon_##et,-9.712786197662354
monetary,1,monetary,-13.646522521972656
money,1,money,-8.455604553222656
moneymaking,2,money_##making,-13.102109432220459
mongolia,3,mon_##gol_##ia,-10.198183059692383
monica,2,mon_##ica,-13.876053810119629
monilia,2,mon_##ilia,-25.19869327545166
monitor,1,monitor,-13.692717552185059
monitored,1,monitored,-12.980690956115723
monitoring,1,monitoring,-13.216545104980469
monitors,1,monitors,-15.379634857177734
monk,1,monk,-12.068184852600098
monkey,1,monkey,-11.522790908813477
monkeys,1,monkeys,-12.233458518981934
monkish,2,monk_##ish,-11.300005435943604
monks,1,monks,-11.914627075195312
monmouth,2,mon_##mouth,-22.28152847290039
monoclinic,4,mon_##oc_##lini_##c,-1.1070222854614258
monodisperse,5,mon_##od_##is_##pers_##e,-13.113686561584473
monologue,3,mon_##olo_##gue,-0.06527328491210938
mononuclear,5,mon_##on_##uc_##lea_##r,-1.5988693237304688
monopolies,4,mon_##op_##oli_##es,-0.8577375411987305
monopolize,4,mon_##op_##oli_##ze,-3.522650718688965
monopoly,1,monopoly,-12.04347038269043
monotonous,3,mon_##oto_##nous,-1.2738609313964844
monotony,3,mon_##oto_##ny,-2.825521469116211
monroe,3,mon_##ro_##e,-23.870681762695312
monsieur,3,mon_##sie_##ur,-0.00547027587890625
monster,1,monster,-8.369338035583496
monstrosity,3,mon_##stro_##sity,-0.18737220764160156
monstrous,1,monstrous,-10.945183753967285
monte,2,mon_##te,-13.18509817123413
montenegrin,4,mon_##ten_##eg_##rin,-28.687622547149658
montero,2,mon_##tero,-17.781617164611816
montgomery,5,mon_##t_##go_##mer_##y,-15.497224807739258
month,1,month,-11.41617202758789
monthly,1,monthly,-13.130680084228516
months,1,months,-12.85708999633789
monticello,3,mon_##tic_##ello,-20.270233154296875
montmartre,4,mon_##t_##mart_##re,-29.552687644958496
montreux,3,mon_##tre_##ux,-22.32020378112793
monument,1,monument,-12.920788764953613
monumental,1,monumental,-11.465635299682617
monuments,1,monuments,-14.908111572265625
mood,1,mood,-13.081474304199219
moods,2,mood_##s,-14.986879348754883
moody,2,mood_##y,-6.112536430358887
moon,1,moon,-10.939390182495117
moonlight,1,moonlight,-11.668987274169922
moonlike,2,moon_##like,-14.420419216156006
moonlit,2,moon_##lit,-11.43219518661499
moons,2,moon_##s,-10.166699886322021
moore,3,m_##oor_##e,-12.817883014678955
moored,3,m_##oor_##ed,-7.435885429382324
moorish,3,m_##oor_##ish,-8.651341438293457
moors,3,m_##oor_##s,-6.145759582519531
moos,2,m_##oos,-8.38158655166626
moot,2,m_##oot,-3.8402719497680664
mopped,2,m_##opped,-11.657596588134766
mopping,2,m_##opping,-11.207453727722168
moral,1,moral,-8.981199264526367
morale,1,morale,-12.551576614379883
morality,1,morality,-11.581727027893066
morals,2,moral_##s,-8.817327499389648
more,1,more,-8.501985549926758
moreland,2,more_##land,-21.762285232543945
morgan,3,m_##or_##gan,-5.119034767150879
morgue,3,m_##or_##gue,-4.615740776062012
moriarty,4,m_##oria_##rt_##y,-14.549995422363281
moritz,3,m_##ori_##tz,-13.73215103149414
morning,1,morning,-11.308382034301758
mornings,1,mornings,-15.628588676452637
morningstar,2,mornings_##tar,-9.867648124694824
moroccan,4,m_##oro_##cca_##n,-13.564252853393555
morocco,3,m_##oro_##cco,-12.743245124816895
morosely,4,m_##oro_##sel_##y,-0.007793426513671875
morphine,3,m_##or_##phine,-2.3467674255371094
morphologic,5,m_##or_##ph_##olo_##gic,-0.1531524658203125
morphological,3,m_##or_##phological,-6.681499481201172
morphology,1,morphology,-16.263851165771484
morphophonemic,5,m_##or_##ph_##ophone_##mic,-2.568544387817383
morphophonemics,6,m_##or_##ph_##ophone_##mic_##s,-4.231417655944824
morris,3,m_##or_##ris,-5.626468658447266
morse,2,m_##orse,-6.40277099609375
mort,2,m_##ort,-6.763031482696533
mortal,1,mortal,-9.79854965209961
mortality,1,mortality,-12.031332015991211
mortally,2,mortal_##ly,-13.77422285079956
mortals,2,mortal_##s,-8.357610702514648
mortar,1,mortar,-12.73607063293457
mortared,2,mortar_##ed,-12.949304580688477
mortaring,2,mortar_##ing,-14.685317039489746
mortars,2,mortar_##s,-12.109576225280762
mortgage,1,mortgage,-13.770881652832031
mortgages,2,mortgage_##s,-15.046473503112793
morton,3,m_##ort_##on,-21.142037391662598
mosaic,1,mosaic,-13.812907218933105
moscow,4,m_##os_##co_##w,-7.2271928787231445
mose,2,m_##ose,-14.850227355957031
moses,3,m_##ose_##s,-15.896448612213135
mosquito,3,m_##os_##quito,-0.015590667724609375
moss,1,moss,-13.146223068237305
mossberg,2,moss_##berg,-17.53575325012207
most,1,most,-10.306923866271973
mostly,1,mostly,-10.320211410522461
motel,1,motel,-14.867412567138672
motels,2,motel_##s,-14.643813133239746
motet,3,m_##ote_##t,-4.897186279296875
moth,1,moth,-14.557801246643066
mother,1,mother,-8.0285005569458
motherland,2,mother_##land,-4.901850700378418
mothers,1,mothers,-11.341653823852539
motif,1,motif,-15.434869766235352
motifs,1,motifs,-16.942907333374023
motion,1,motion,-11.526933670043945
motional,2,motion_##al,-15.75591230392456
motioned,1,motioned,-15.711202621459961
motionless,1,motionless,-11.248106956481934
motions,1,motions,-14.842378616333008
motivated,1,motivated,-12.793675422668457
motivates,4,m_##ot_##ivate_##s,-2.624176025390625
motivating,3,m_##ot_##ivating,-1.2912425994873047
motivations,2,motivation_##s,-13.671935081481934
motive,1,motive,-11.117843627929688
motives,1,motives,-12.950762748718262
motley,3,m_##ot_##ley,-0.7128419876098633
motor,1,motor,-15.336418151855469
motorist,2,motor_##ist,-9.312718391418457
motorists,2,motor_##ists,-10.867187023162842
motors,1,motors,-17.111221313476562
mottled,3,m_##ott_##led,-0.09325790405273438
mould,3,m_##ou_##ld,-0.5846471786499023
moulton,3,m_##ou_##lton,-12.913337707519531
moultons,4,m_##ou_##lton_##s,-15.00330638885498
mound,1,mound,-15.446280479431152
mounded,2,mound_##ed,-14.455902099609375
mount,1,mount,-12.6993408203125
mountain,1,mountain,-10.664209365844727
mountainous,1,mountainous,-13.977816581726074
mountainously,2,mountainous_##ly,-24.69978904724121
mountains,1,mountains,-11.547584533691406
mountainside,2,mountains_##ide,-6.8986968994140625
mounted,1,mounted,-13.252981185913086
mounting,1,mounting,-15.562870025634766
mountings,2,mounting_##s,-21.97376298904419
mounts,1,mounts,-13.97049617767334
mourned,3,m_##our_##ned,-1.927342414855957
mourners,3,m_##our_##ners,-2.034207344055176
mourning,1,mourning,-13.359777450561523
mouse,1,mouse,-13.50538444519043
mousie,3,m_##ous_##ie,-7.779659271240234
mouth,1,mouth,-10.96152400970459
mouthed,1,mouthed,-14.258854866027832
mouthful,2,mouth_##ful,-9.148356437683105
mouthing,2,mouth_##ing,-14.056209564208984
mouthpiece,2,mouth_##piece,-5.957658767700195
mouthpieces,3,mouth_##piece_##s,-7.789320468902588
mouths,1,mouths,-13.553376197814941
movable,3,m_##ova_##ble,-0.7091293334960938
move,1,move,-10.580512046813965
moved,1,moved,-12.32255744934082
movement,1,movement,-11.34063720703125
movements,1,movements,-14.094072341918945
movers,2,move_##rs,-12.24788761138916
moves,1,moves,-14.078774452209473
movie,1,movie,-12.01345443725586
movies,1,movies,-13.414812088012695
moving,1,moving,-11.335148811340332
mowed,2,m_##owed,-14.619546890258789
mozart,3,m_##oz_##art,-26.12236499786377
mph,1,mph,-14.09067153930664
mrad,2,m_##rad,-14.423111915588379
mrs,2,m_##rs,-19.15497398376465
much,1,much,-8.511087417602539
mucilage,4,m_##uc_##ila_##ge,-0.2282733917236328
mucosa,3,m_##uc_##osa,-6.868067741394043
mucus,3,m_##uc_##us,-0.9326114654541016
mud,1,mud,-10.81779956817627
muddied,3,mud_##die_##d,-0.08326148986816406
muddleheaded,3,mud_##dle_##headed,-7.695493221282959
muddling,2,mud_##dling,-7.322497844696045
muddy,1,muddy,-13.54763126373291
mudwagon,3,mud_##wa_##gon,-14.473060607910156
muffled,1,muffled,-13.899358749389648
muffling,3,m_##uff_##ling,-5.59775447845459
mug,1,mug,-12.68620491027832
muggers,2,mug_##gers,-6.847357749938965
mugs,2,mug_##s,-13.165821075439453
mulch,3,m_##ul_##ch,-2.6570892333984375
mulching,3,m_##ul_##ching,-10.001106262207031
mules,2,m_##ules,-6.998568058013916
mullen,3,m_##ull_##en,-9.740740776062012
mullenax,4,m_##ull_##ena_##x,-23.188196182250977
muller,3,m_##ull_##er,-10.193634033203125
mullerin,4,m_##ull_##eri_##n,-13.2189302444458
mulligatawny,6,m_##ull_##iga_##ta_##wn_##y,-16.71836566925049
mullins,3,m_##ull_##ins,-15.92811107635498
multidimensional,4,multi_##di_##men_##sional,-0.5913181304931641
multipactor,3,multi_##pa_##ctor,-17.571916103363037
multiphastic,3,multi_##pha_##stic,-19.247093200683594
multiple,1,multiple,-11.550914764404297
multiplication,2,multi_##plication,-5.0191850662231445
multiplicity,3,multi_##p_##licity,-4.690385818481445
multiplied,2,multi_##plied,-1.7335853576660156
multiply,3,multi_##p_##ly,-0.5455188751220703
multiplying,3,multi_##p_##lying,-4.062793731689453
multitude,1,multitude,-14.36011028289795
multnomah,4,m_##ult_##no_##mah,-25.725401878356934
mum,1,mum,-9.534927368164062
mumble,2,mum_##ble,-7.692329406738281
munch,2,m_##unch,-8.27203369140625
munching,3,m_##unch_##ing,-4.432210922241211
munich,3,m_##uni_##ch,-17.262415409088135
municipal,1,municipal,-13.7688570022583
municipalities,1,municipalities,-15.513679504394531
munoz,3,m_##uno_##z,-18.91288185119629
mural,1,mural,-15.837965965270996
murder,1,murder,-9.189620971679688
murdered,1,murdered,-11.835652351379395
murderer,1,murderer,-10.286643028259277
murderers,2,murderer_##s,-5.245636940002441
murdering,1,murdering,-13.5878324508667
murders,1,murders,-14.309836387634277
murkland,4,m_##ur_##kla_##nd,-9.744152069091797
murky,3,m_##ur_##ky,-0.9681472778320312
murmur,1,murmur,-14.60028076171875
murmured,1,murmured,-13.763588905334473
murmuring,2,murmur_##ing,-9.11227798461914
murphy,3,m_##ur_##phy,-12.0282564163208
murray,3,m_##ur_##ray,-8.564903736114502
murrin,3,m_##ur_##rin,-11.053608417510986
murtaugh,3,m_##urt_##augh,-17.88089942932129
muscle,1,muscle,-10.690921783447266
muscled,2,muscle_##d,-9.314565658569336
musclemen,2,muscle_##men,-12.915336608886719
muscles,1,muscles,-14.245229721069336
muscovy,4,m_##us_##co_##vy,-8.661842823028564
muscular,1,muscular,-12.84602165222168
muse,2,m_##use,-3.7051448822021484
muses,2,m_##uses,-5.342402458190918
museum,1,museum,-13.486479759216309
museums,1,museums,-16.715688705444336
mushr,3,m_##ush_##r,-19.339197158813477
music,1,music,-10.53989315032959
musical,1,musical,-12.260196685791016
musicale,2,musical_##e,-16.361937522888184
musically,2,musical_##ly,-14.357697486877441
musician,1,musician,-13.18813419342041
musicians,1,musicians,-14.083589553833008
musique,3,m_##us_##ique,-3.1776418685913086
musket,3,m_##usk_##et,-5.957972526550293
muslim,3,m_##us_##lim,-2.23488712310791
muslims,4,m_##us_##lim_##s,-4.972334861755371
musmanno,4,m_##us_##mann_##o,-19.133788585662842
mussels,3,m_##uss_##els,-2.9669713973999023
mussorgsky,5,m_##uss_##or_##gs_##ky,-28.19929265975952
must,1,must,-8.153051376342773
mustache,2,must_##ache,-10.54537582397461
mustached,3,must_##ache_##d,-6.774443626403809
mustang,2,must_##ang,-11.883702278137207
mustangs,3,must_##ang_##s,-4.239667892456055
mustard,2,must_##ard,-6.885071754455566
mutants,2,mutant_##s,-7.799234867095947
mutational,2,mutation_##al,-11.500837326049805
muted,1,muted,-13.20341682434082
mutilated,3,m_##uti_##lated,-2.794099807739258
mutineer,3,m_##uti_##neer,-3.400165557861328
muttered,1,muttered,-13.87021255493164
mutton,3,m_##utt_##on,-0.39812755584716797
mutual,1,mutual,-7.575203895568848
mutually,1,mutually,-11.765145301818848
muzzle,1,muzzle,-12.684186935424805
muzzles,2,muzzle_##s,-13.613338470458984
mv,2,m_##v,-12.895281314849854
my,1,my,-7.034614562988281
mycobacteria,5,my_##co_##ba_##cter_##ia,-7.633028030395508
mynheer,3,my_##nh_##eer,-20.317886352539062
myocardial,4,my_##oc_##ard_##ial,-6.390656471252441
myocardium,4,my_##oc_##ard_##ium,-6.797950267791748
myopic,3,my_##op_##ic,-2.922654151916504
myra,2,my_##ra,-18.68007802963257
myrrh,3,my_##rr_##h,-3.8053131103515625
myrtle,3,my_##rt_##le,-7.167198657989502
myself,1,myself,-9.889187812805176
mysteries,1,mysteries,-12.234981536865234
mysterious,1,mysterious,-10.197908401489258
mystery,1,mystery,-10.886224746704102
mystical,1,mystical,-12.540508270263672
mysticism,3,my_##stic_##ism,-0.9291315078735352
mystics,2,my_##stics,-11.502298355102539
mystique,3,my_##st_##ique,-5.431462287902832
myth,1,myth,-10.080331802368164
mythic,2,myth_##ic,-5.967164993286133
mythological,1,mythological,-13.198049545288086
mythology,1,mythology,-12.11490249633789
myths,1,myths,-12.11719036102295
n,1,n,-8.538732528686523
nab,2,na_##b,-9.008813858032227
nadine,2,na_##dine,-11.613382339477539
nadir,2,na_##dir,-7.081555366516113
nagged,2,na_##gged,-7.534045696258545
nagging,2,na_##gging,-4.751156806945801
nail,1,nail,-13.018470764160156
nailed,2,nail_##ed,-7.172567844390869
nails,1,nails,-13.742586135864258
naive,1,naive,-10.004182815551758
naively,2,naive_##ly,-15.809577941894531
naivete,2,naive_##te,-4.186269760131836
nakamura,3,nak_##am_##ura,-13.517128944396973
naked,1,naked,-11.029128074645996
naktong,3,nak_##ton_##g,-17.623024940490723
name,1,name,-10.257966995239258
named,1,named,-10.642332077026367
nameless,2,name_##less,-5.399632930755615
namely,1,namely,-12.00368595123291
names,1,names,-12.676673889160156
naming,1,naming,-15.049423217773438
nancy,2,na_##ncy,-9.622311115264893
nap,1,nap,-15.179191589355469
napkin,1,napkin,-13.579845428466797
naples,2,nap_##les,-23.360013961791992
napoleon,3,nap_##ole_##on,-4.618450164794922
napping,2,nap_##ping,-5.089978218078613
naps,2,nap_##s,-13.780914306640625
nara,2,na_##ra,-15.35197639465332
narcotics,3,na_##rc_##otics,-1.2961921691894531
narragansett,4,na_##rra_##gan_##sett,-8.614456176757812
narrative,1,narrative,-13.095245361328125
narrator,1,narrator,-13.130803108215332
narrow,1,narrow,-10.69094181060791
narrowed,1,narrowed,-14.097161293029785
narrower,1,narrower,-15.70953369140625
nasal,1,nasal,-14.668615341186523
nashville,3,na_##sh_##ville,-29.220230102539062
nassau,3,na_##ssa_##u,-19.79258680343628
nasser,2,na_##sser,-9.260736465454102
nastiest,3,na_##st_##iest,-2.063081741333008
nat,2,na_##t,-10.307132720947266
natalie,3,na_##tal_##ie,-17.58294916152954
natchez,3,na_##tch_##ez,-21.645299911499023
nate,2,na_##te,-12.598016262054443
nathan,2,na_##than,-14.567154884338379
nathanael,3,na_##than_##ael,-23.314892292022705
nathaniel,3,na_##than_##iel,-22.015167236328125
nation,1,nation,-10.065932273864746
national,1,national,-10.520208358764648
nationalism,1,nationalism,-14.80837631225586
nationalist,1,nationalist,-13.455656051635742
nationalistic,2,nationalist_##ic,-5.861899375915527
nationality,1,nationality,-13.702751159667969
nationalize,2,national_##ize,-15.350728988647461
nationalized,2,national_##ized,-12.676311492919922
nationally,1,nationally,-14.875977516174316
nationals,1,nationals,-14.430587768554688
nations,1,nations,-11.337620735168457
nationwide,1,nationwide,-13.569215774536133
native,1,native,-9.58141040802002
natives,1,natives,-11.816364288330078
nato,2,na_##to,-13.712532043457031
natrona,3,na_##tron_##a,-19.7789363861084
natural,1,natural,-7.214756488800049
naturalistic,2,naturalist_##ic,-5.793792724609375
naturalized,2,natural_##ized,-9.069850444793701
naturally,1,naturally,-10.648229598999023
nature,1,nature,-9.87900447845459
natures,2,nature_##s,-13.528779983520508
naughtier,3,na_##ught_##ier,-7.222517967224121
nausea,1,nausea,-12.748740196228027
nautical,1,nautical,-15.260004043579102
nautilus,3,na_##uti_##lus,-1.8765430450439453
naval,1,naval,-11.731900215148926
navel,2,nave_##l,-5.98129940032959
navigating,3,na_##vi_##gating,-0.8569612503051758
navigation,1,navigation,-12.851097106933594
navigator,2,na_##vigator,-6.362422466278076
navona,3,na_##von_##a,-16.677915573120117
navy,1,navy,-11.192222595214844
nay,2,na_##y,-5.629706382751465
nazi,2,na_##zi,-8.533360481262207
nazis,3,na_##zi_##s,-7.507648468017578
nbc,3,n_##b_##c,-9.023143768310547
ncta,3,n_##ct_##a,-18.47986602783203
ne,1,ne,-11.73380184173584
neal,2,ne_##al,-16.629210948944092
near,1,near,-9.119611740112305
nearby,1,nearby,-11.911056518554688
neared,1,neared,-15.972155570983887
nearer,1,nearer,-14.380844116210938
nearest,1,nearest,-13.114828109741211
nearing,2,near_##ing,-13.43924617767334
nearly,1,nearly,-9.808611869812012
nearness,2,near_##ness,-11.079731941223145
nearsighted,3,near_##sight_##ed,-1.029571533203125
nearsightedly,3,near_##sight_##edly,-8.198447227478027
neat,1,neat,-10.80290412902832
neatly,1,neatly,-12.759777069091797
nebraska,3,ne_##bra_##ska,-24.666541576385498
nebulous,3,ne_##bul_##ous,-2.023824691772461
nec,2,ne_##c,-8.886572360992432
necessarily,1,necessarily,-11.511930465698242
necessary,1,necessary,-8.07701301574707
necessitate,3,ne_##cess_##itate,-2.5529584884643555
necessitated,3,ne_##cess_##itated,-2.3913259506225586
necessitates,4,ne_##cess_##itate_##s,-2.3936328887939453
necessitating,3,ne_##cess_##itating,-3.6541919708251953
necessities,3,ne_##cess_##ities,-0.3108253479003906
necessity,1,necessity,-9.990866661071777
neck,1,neck,-10.912710189819336
necklaces,2,necklace_##s,-11.587509155273438
neckline,2,neck_##line,-8.929500102996826
necktie,2,neck_##tie,-8.244224071502686
necrosis,3,ne_##c_##rosis,-0.5177850723266602
necrotic,4,ne_##c_##rot_##ic,-0.17140579223632812
nectar,3,ne_##ct_##ar,-0.09506607055664062
nectareous,4,ne_##ct_##are_##ous,-14.395280361175537
need,1,need,-10.009535789489746
needed,1,needed,-9.766419410705566
needham,2,need_##ham,-24.151366233825684
needle,1,needle,-12.30184555053711
needles,1,needles,-13.598335266113281
needless,2,needles_##s,-5.7758378982543945
needlessly,3,needles_##s_##ly,-0.8228464126586914
needs,1,needs,-11.714923858642578
needy,1,needy,-12.272087097167969
negate,2,ne_##gate,-9.188652992248535
negation,2,ne_##gation,-2.7200965881347656
negative,1,negative,-10.285837173461914
negatively,1,negatively,-15.803409576416016
negativism,3,ne_##gat_##ivism,-3.1047897338867188
neglect,1,neglect,-14.11738109588623
neglected,1,neglected,-14.160457611083984
neglecting,2,neglect_##ing,-12.463340759277344
negligence,3,ne_##gli_##gence,-0.9622325897216797
negligent,3,ne_##gli_##gent,-0.6581687927246094
negligible,3,ne_##gli_##gible,-3.047212600708008
negotiate,1,negotiate,-10.947297096252441
negotiation,1,negotiation,-11.240215301513672
negotiations,1,negotiations,-12.913595199584961
negro,2,ne_##gro,-2.9685420989990234
negroes,3,ne_##gro_##es,-2.62148380279541
neighbor,1,neighbor,-10.845595359802246
neighborhood,1,neighborhood,-12.149364471435547
neighborhoods,1,neighborhoods,-15.681739807128906
neighboring,1,neighboring,-14.738597869873047
neighborliness,2,neighbor_##liness,-9.052268028259277
neighbors,1,neighbors,-11.999183654785156
neither,1,neither,-8.929659843444824
nellie,2,ne_##llie,-24.019319534301758
nelson,2,ne_##lson,-9.82916259765625
nemesis,3,ne_##mes_##is,-0.18192005157470703
neocortex,4,neo_##cor_##te_##x,-0.1753082275390625
neon,1,neon,-13.676045417785645
nepal,2,ne_##pal,-12.640751838684082
nephews,2,nephew_##s,-9.16682243347168
neptune,3,ne_##pt_##une,-4.677183151245117
nero,2,ne_##ro,-9.659220695495605
nerve,1,nerve,-12.731180191040039
nerves,1,nerves,-12.51522445678711
nervous,1,nervous,-12.873096466064453
nervously,1,nervously,-14.503049850463867
nervousness,2,nervous_##ness,-7.198572635650635
nest,1,nest,-12.99470329284668
nested,2,nest_##ed,-9.804315567016602
nestled,1,nestled,-13.924471855163574
nests,1,nests,-15.998876571655273
net,1,net,-12.148523330688477
nets,1,nets,-15.2271728515625
netted,2,net_##ted,-8.19526195526123
network,1,network,-11.845338821411133
networks,1,networks,-15.348876953125
neumann,3,ne_##uman_##n,-13.083496570587158
neural,1,neural,-15.969828605651855
neurological,3,ne_##uro_##logical,-1.9836034774780273
neuron,2,ne_##uron,-7.090161323547363
neuropathology,4,ne_##uro_##path_##ology,-0.6917562484741211
neuroses,3,ne_##uro_##ses,-6.589197635650635
neurotic,3,ne_##uro_##tic,-1.045583724975586
neutral,1,neutral,-7.942069053649902
neutralism,2,neutral_##ism,-11.703192234039307
neutralist,2,neutral_##ist,-12.136572360992432
neutrality,1,neutrality,-9.233312606811523
neutralization,2,neutral_##ization,-8.67786693572998
neutralized,2,neutral_##ized,-5.60800838470459
neutrophils,5,ne_##ut_##rop_##hil_##s,-4.672144889831543
nevada,3,ne_##va_##da,-12.690148830413818
nevah,3,ne_##va_##h,-11.81881856918335
never,1,never,-4.975358009338379
neversink,3,never_##sin_##k,-12.618107795715332
nevertheless,1,nevertheless,-10.591867446899414
new,1,new,-8.383903503417969
newark,2,new_##ark,-21.913768768310547
newarker,3,new_##ark_##er,-18.414570808410645
newbold,3,new_##bol_##d,-11.302569389343262
newborn,1,newborn,-12.809698104858398
newburger,3,new_##burg_##er,-15.948954582214355
newbury,2,new_##bury,-17.19830322265625
newburyport,3,new_##bury_##port,-23.383253574371338
newcomer,1,newcomer,-14.497865676879883
newcomers,2,newcomer_##s,-7.030481815338135
newer,1,newer,-14.56195068359375
newest,1,newest,-14.651978492736816
newfoundland,3,new_##found_##land,-23.615266799926758
newly,1,newly,-14.247328758239746
newlyweds,3,newly_##wed_##s,-0.18782520294189453
newman,2,new_##man,-15.92431926727295
newport,2,new_##port,-20.070125579833984
news,1,news,-9.878656387329102
newsboy,2,news_##boy,-12.089031219482422
newsletter,1,newsletter,-14.789365768432617
newsmen,2,news_##men,-15.774199485778809
newspaper,1,newspaper,-12.726123809814453
newspaperman,2,newspaper_##man,-10.041577816009521
newspapermen,2,newspaper_##men,-12.532124996185303
newspapers,1,newspapers,-14.741166114807129
newtonian,3,new_##ton_##ian,-16.59130859375
next,1,next,-9.727581977844238
niagara,3,ni_##aga_##ra,-18.19765853881836
nice,1,nice,-7.5179595947265625
nicely,1,nicely,-11.527728080749512
niche,1,niche,-13.342708587646484
nicholas,3,ni_##cho_##las,-14.277519226074219
nick,2,ni_##ck,-5.3782958984375
nickel,1,nickel,-13.388924598693848
nickname,1,nickname,-13.005075454711914
nicknamed,1,nicknamed,-14.948549270629883
nicknames,2,nickname_##s,-9.31237506866455
nicodemus,3,ni_##code_##mus,-25.904370307922363
nicolas,3,ni_##cola_##s,-14.442808151245117
niece,1,niece,-11.406440734863281
nieces,2,niece_##s,-10.365418434143066
nieman,2,ni_##eman,-14.163334369659424
nigger,2,ni_##gger,-1.684610366821289
niggers,3,ni_##gger_##s,-1.8936166763305664
night,1,night,-9.066827774047852
nightclub,1,nightclub,-14.913938522338867
nightclubs,2,nightclub_##s,-12.471673965454102
nightdress,2,night_##dress,-12.695585250854492
nighted,2,night_##ed,-23.355398178100586
nightfall,2,night_##fall,-3.959530830383301
nightly,2,night_##ly,-9.13647747039795
nightmare,1,nightmare,-12.190378189086914
nightmares,1,nightmares,-12.399693489074707
nightmarish,3,night_##mar_##ish,-0.005886077880859375
nights,1,nights,-12.829316139221191
nightshirt,3,nights_##hir_##t,-0.8047599792480469
nighttime,2,night_##time,-5.084535598754883
nigras,3,ni_##gra_##s,-8.019827842712402
nihilist,3,ni_##hil_##ist,-1.0664558410644531
nihilistic,3,ni_##hil_##istic,-1.2983531951904297
nikita,3,ni_##ki_##ta,-14.222188472747803
nikolai,3,ni_##ko_##lai,-25.751079082489014
nikolais,4,ni_##ko_##lai_##s,-34.26299238204956
nil,2,ni_##l,-5.310919761657715
nilpotent,4,ni_##l_##pot_##ent,-1.6896448135375977
nilsson,2,ni_##lsson,-14.696667671203613
nimbler,3,ni_##mble_##r,-6.288222312927246
nimbly,3,ni_##mb_##ly,-4.140037536621094
nine,1,nine,-10.333118438720703
nineteen,1,nineteen,-11.387100219726562
nineteenth,1,nineteenth,-14.783187866210938
nineties,2,nine_##ties,-10.548105716705322
ninety,1,ninety,-12.951366424560547
ninth,1,ninth,-13.085254669189453
nip,2,ni_##p,-7.102761268615723
nipples,2,nipple_##s,-9.679442405700684
nirvana,3,ni_##rva_##na,-0.6189985275268555
nischwitz,3,ni_##sch_##witz,-18.449007987976074
nishima,2,ni_##shima,-18.929452419281006
nitrate,2,ni_##trate,-8.803572654724121
nitrogen,1,nitrogen,-13.660418510437012
nixon,2,ni_##xon,-19.314892292022705
nlrda,3,n_##l_##rda,-29.0479154586792
no,1,no,-2.1657848358154297
noah,2,no_##ah,-17.772889137268066
nobel,2,no_##bel,-20.582324981689453
nobility,1,nobility,-9.391796112060547
noble,1,noble,-7.69834566116333
nobleman,1,nobleman,-11.955659866333008
noblest,2,nobles_##t,-4.631534576416016
nobody,1,nobody,-6.685183525085449
nociceptive,3,no_##ci_##ceptive,-11.487927436828613
nocturnal,2,no_##cturnal,-9.07995319366455
nocturne,4,no_##ct_##urn_##e,-1.2019596099853516
nod,1,nod,-10.762158393859863
nodded,1,nodded,-11.09135913848877
nodding,1,nodding,-11.764039993286133
noel,2,no_##el,-27.5362491607666
nogay,3,no_##ga_##y,-9.555731773376465
noir,1,noir,-12.787944793701172
noise,1,noise,-11.938840866088867
noises,1,noises,-14.542479515075684
noisily,3,no_##isi_##ly,-4.673531532287598
noisy,1,noisy,-14.010129928588867
nolens,3,no_##len_##s,-17.456199169158936
nomias,3,no_##mia_##s,-14.727333068847656
nominal,1,nominal,-10.459548950195312
nominally,1,nominally,-14.544801712036133
nominate,1,nominate,-14.845649719238281
nominated,1,nominated,-11.934419631958008
nominating,3,no_##mina_##ting,-3.017047882080078
nomination,1,nomination,-13.325407028198242
non,1,non,-8.825970649719238
nonacid,3,non_##ac_##id,-18.674328327178955
nonce,2,non_##ce,-10.96229600906372
nonchalant,3,non_##chal_##ant,-0.18718528747558594
noncombatant,4,non_##comb_##ata_##nt,-0.3954315185546875
noncommissioned,4,non_##com_##mission_##ed,-2.4778051376342773
noncommittal,4,non_##com_##mit_##tal,-0.014192581176757812
nondrying,3,non_##dr_##ying,-30.263815879821777
none,1,none,-6.065119743347168
nonetheless,1,nonetheless,-9.226951599121094
nonexistent,4,none_##xi_##sten_##t,-0.0032634735107421875
nonfiction,2,non_##fiction,-4.376419544219971
nonlinguistic,4,non_##ling_##ui_##stic,-1.7005157470703125
nonobservant,4,non_##ob_##ser_##vant,-5.395170211791992
nonpoisonous,4,non_##po_##ison_##ous,-7.4184417724609375
nonprofit,1,nonprofit,-12.064340591430664
nonracial,3,non_##rac_##ial,-7.943657875061035
nonreactivity,4,non_##rea_##ct_##ivity,-8.689421653747559
nonresident,4,non_##res_##iden_##t,-0.842829704284668
nonsegregated,5,non_##se_##g_##re_##gated,-8.79201889038086
nonsense,1,nonsense,-10.413268089294434
nonspecific,4,non_##sp_##ec_##ific,-2.2265748977661133
nonspecifically,5,non_##sp_##ec_##ific_##ally,-7.600954055786133
nonsystematic,4,non_##sy_##ste_##matic,-4.98847770690918
nonwhite,4,non_##w_##hit_##e,-2.2617921829223633
noon,1,noon,-12.0272798538208
nor,1,nor,-13.220503807067871
norberg,2,nor_##berg,-19.41909694671631
nordmann,3,nor_##dman_##n,-13.778786659240723
norethandrolone,5,nor_##eth_##and_##rol_##one,-24.812830448150635
norm,1,norm,-11.567031860351562
norma,2,norm_##a,-13.88717269897461
normal,1,normal,-7.852267265319824
normally,1,normally,-11.949238777160645
norman,2,norm_##an,-16.152865886688232
normative,2,norm_##ative,-3.7857418060302734
norms,1,norms,-12.452468872070312
north,1,north,-11.940469741821289
northeast,1,northeast,-15.231674194335938
northeastern,1,northeastern,-15.226324081420898
northeners,3,north_##ener_##s,-23.650275230407715
northern,1,northern,-12.937217712402344
northerner,2,northern_##er,-10.152182579040527
northerners,2,northern_##ers,-10.704852104187012
northfield,2,north_##field,-15.191818714141846
northumberland,4,north_##um_##ber_##land,-26.524555206298828
northward,1,northward,-15.640176773071289
northwest,1,northwest,-14.806796073913574
northwestern,1,northwestern,-16.039518356323242
norton,2,nor_##ton,-16.396684169769287
nos,2,no_##s,-10.920516967773438
nose,1,nose,-11.384114265441895
noses,2,nose_##s,-12.116039276123047
nostalgia,3,no_##stal_##gia,-1.225942611694336
nostalgic,3,no_##stal_##gic,-0.35302734375
nostrils,1,nostrils,-15.743423461914062
not,1,not,-4.953289985656738
notable,1,notable,-11.388992309570312
notables,2,notable_##s,-12.768152236938477
notably,1,notably,-14.551262855529785
notation,1,notation,-16.29385757446289
notch,1,notch,-12.592845916748047
notched,2,notch_##ed,-9.20799732208252
notches,2,notch_##es,-9.332191944122314
note,1,note,-11.480758666992188
notebook,1,notebook,-14.287497520446777
noted,1,noted,-12.44327163696289
notes,1,notes,-13.062470436096191
noteworthy,1,noteworthy,-13.051916122436523
nothin,2,not_##hin,-7.322323799133301
nothing,1,nothing,-3.8009018898010254
nothingness,2,nothing_##ness,-6.379565238952637
notice,1,notice,-13.801248550415039
noticeable,1,noticeable,-13.208438873291016
noticeably,2,notice_##ably,-10.104918479919434
noticed,1,noticed,-13.30247688293457
notices,1,notices,-16.081283569335938
noticing,1,noticing,-17.732627868652344
notified,1,notified,-13.010909080505371
notify,2,not_##ify,-14.514571189880371
notifying,2,not_##ifying,-17.56853723526001
noting,1,noting,-14.95541000366211
notion,1,notion,-13.676797866821289
notions,1,notions,-15.931599617004395
notoriety,1,notoriety,-13.842718124389648
notorious,1,notorious,-10.858695030212402
notre,2,not_##re,-21.358023643493652
notwithstanding,3,not_##with_##standing,-0.0020351409912109375
nouns,1,nouns,-15.58419132232666
nourishes,3,no_##uri_##shes,-7.275028228759766
nova,2,no_##va,-14.134050369262695
novel,1,novel,-12.08018684387207
novelist,1,novelist,-15.174680709838867
novelists,2,novelist_##s,-11.719626426696777
novels,1,novels,-14.634744644165039
novelties,2,novel_##ties,-12.829089164733887
novelty,1,novelty,-13.457240104675293
november,3,no_##ve_##mber,-7.062626838684082
novice,2,no_##vice,-7.7274169921875
novo,2,no_##vo,-15.27798843383789
novosti,3,no_##vos_##ti,-13.567744255065918
now,1,now,-8.85175609588623
nowadays,1,nowadays,-15.621318817138672
nowhere,1,nowhere,-10.251758575439453
nozzle,2,no_##zzle,-15.948229789733887
ns,2,n_##s,-10.970530033111572
nubile,3,n_##ubi_##le,-1.0377092361450195
nuclear,1,nuclear,-11.048321723937988
nuclei,1,nuclei,-16.56640625
nucleotide,4,n_##uc_##leo_##tide,-1.4905567169189453
nucleus,1,nucleus,-14.4221830368042
nuclide,3,n_##uc_##lide,-3.8925228118896484
nude,1,nude,-14.168601989746094
nudge,2,n_##udge,-4.280739784240723
nudged,1,nudged,-15.305830955505371
nudging,3,n_##ud_##ging,-1.0785083770751953
nugent,3,n_##ugen_##t,-11.756153106689453
nuisance,3,n_##ui_##sance,-0.0030994415283203125
nuisances,4,n_##ui_##sance_##s,-1.2514495849609375
nuit,2,n_##uit,-13.199689865112305
null,1,null,-9.900359153747559
numb,1,numb,-9.945683479309082
number,1,number,-11.806458473205566
numbered,1,numbered,-13.95062255859375
numbering,1,numbering,-17.42904281616211
numbers,1,numbers,-12.928884506225586
numbing,2,numb_##ing,-6.744606971740723
numbingly,2,numb_##ingly,-14.520051956176758
numbness,2,numb_##ness,-5.774308204650879
numenous,3,n_##ume_##nous,-14.541927337646484
numerals,3,n_##ume_##rals,-2.3699560165405273
numerical,1,numerical,-13.242818832397461
numerically,2,numerical_##ly,-13.473926544189453
numerous,1,numerous,-11.178675651550293
nuper,3,n_##upe_##r,-15.35183048248291
nurse,1,nurse,-10.937878608703613
nursery,1,nursery,-12.830033302307129
nurses,1,nurses,-13.397601127624512
nursing,1,nursing,-13.475543975830078
nut,1,nut,-10.611083984375
nutmeg,3,nut_##me_##g,-0.03563499450683594
nutrients,1,nutrients,-13.338212966918945
nutrition,1,nutrition,-12.767501831054688
nutritional,2,nutrition_##al,-6.531294345855713
nutritious,3,nut_##rit_##ious,-0.00732421875
nuts,1,nuts,-10.037734985351562
nutshell,2,nuts_##hell,-4.20937442779541
nuttall,3,nut_##tal_##l,-13.956001281738281
nuzzled,3,n_##uz_##zled,-2.378631591796875
nyberg,3,n_##y_##berg,-12.61652660369873
nymphomaniac,4,n_##ymph_##oman_##iac,-0.10231208801269531
nymphomaniacs,5,n_##ymph_##oman_##iac_##s,-1.4690914154052734
nyu,2,n_##yu,-15.29312801361084
o,1,o,-10.140259742736816
oak,1,oak,-12.176024436950684
oaken,2,oak_##en,-11.722058773040771
oakes,2,oak_##es,-17.057852745056152
oakland,2,oak_##land,-20.046456813812256
oakwood,2,oak_##wood,-9.974907398223877
